payment_id,reservation_id,amount,method,payment_date
1,1,703,Debit Card,2025-07-01 03:15:56
2,2,265,Credit Card,2025-08-09 23:44:34
3,3,937,NetBanking,2025-07-06 20:06:53
4,4,536,NetBanking,2025-06-26 22:23:13
5,5,925,NetBanking,2025-07-19 21:23:34
6,6,423,NetBanking,2025-08-13 06:07:54
7,7,870,Credit Card,2025-08-11 20:38:01
8,8,50,Credit Card,2025-09-12 06:04:53
9,9,391,UPI,2025-08-11 10:49:09
10,10,316,Credit Card,2025-07-30 17:16:51
11,11,316,NetBanking,2025-08-15 00:22:50
12,12,304,Credit Card,2025-06-26 08:03:08
13,13,402,UPI,2025-08-24 14:49:23
14,14,773,NetBanking,2025-07-21 19:02:46
15,15,870,UPI,2025-07-01 00:03:30
16,16,1039,UPI,2025-08-09 22:58:28
17,17,576,Credit Card,2025-07-29 04:17:39
18,18,763,Credit Card,2025-09-09 19:33:18
19,19,1326,Credit Card,2025-08-16 03:54:41
20,20,1079,Credit Card,2025-07-13 14:56:14
21,21,937,Debit Card,2025-06-26 23:06:20
22,22,118,Credit Card,2025-07-13 21:59:30
23,23,1079,NetBanking,2025-09-16 03:47:47
24,24,1256,Debit Card,2025-09-10 17:21:42
25,25,284,Credit Card,2025-08-26 23:03:18
26,26,224,NetBanking,2025-07-07 06:09:42
27,27,705,UPI,2025-07-29 11:07:48
28,28,1256,NetBanking,2025-09-12 19:39:43
29,29,1267,NetBanking,2025-07-20 08:01:11
30,30,676,Debit Card,2025-08-24 00:11:55
31,31,1281,UPI,2025-07-23 23:40:01
32,32,446,Credit Card,2025-09-07 14:21:10
33,33,278,Debit Card,2025-07-30 02:56:03
34,34,73,UPI,2025-07-16 02:17:28
35,35,937,NetBanking,2025-08-20 08:13:48
36,36,708,NetBanking,2025-08-02 21:43:37
37,37,773,Credit Card,2025-08-06 12:38:03
38,38,144,NetBanking,2025-07-20 08:18:20
39,39,304,UPI,2025-07-02 04:24:34
40,40,58,Credit Card,2025-08-18 02:25:55
41,41,601,NetBanking,2025-08-20 10:36:27
42,42,320,Credit Card,2025-06-30 03:25:01
43,43,50,Credit Card,2025-07-30 22:58:23
44,44,386,Debit Card,2025-06-25 18:25:33
45,45,773,UPI,2025-07-23 10:49:10
46,46,572,NetBanking,2025-08-30 06:57:49
47,47,415,Debit Card,2025-09-17 07:06:09
48,48,610,UPI,2025-08-27 02:11:49
49,49,760,Debit Card,2025-09-03 14:43:59
50,50,418,UPI,2025-07-14 20:20:09
51,51,822,NetBanking,2025-08-20 08:37:03
52,52,50,Debit Card,2025-08-27 01:03:23
53,53,480,UPI,2025-06-23 19:32:24
54,54,50,Debit Card,2025-07-29 18:41:12
55,55,547,Debit Card,2025-09-06 14:06:51
56,56,224,Debit Card,2025-09-18 20:11:02
57,57,445,Debit Card,2025-07-16 16:39:10
58,58,1210,UPI,2025-09-07 10:43:38
59,59,309,Debit Card,2025-09-07 03:35:43
60,60,941,Credit Card,2025-08-16 04:21:05
61,61,494,Credit Card,2025-06-25 20:44:42
62,62,494,Credit Card,2025-08-15 17:24:41
63,63,1326,Debit Card,2025-08-30 23:43:58
64,64,572,UPI,2025-08-29 11:01:23
65,65,50,Credit Card,2025-09-02 06:14:08
66,66,224,UPI,2025-08-08 17:53:47
67,67,458,UPI,2025-08-23 04:38:24
68,68,700,Debit Card,2025-06-23 05:46:28
69,69,367,Debit Card,2025-07-14 14:39:18
70,70,520,Debit Card,2025-07-20 07:19:51
71,71,241,UPI,2025-07-04 21:36:28
72,72,334,Debit Card,2025-07-24 13:10:52
73,73,721,NetBanking,2025-09-09 20:30:55
74,74,975,UPI,2025-08-25 03:18:05
75,75,415,Debit Card,2025-07-03 13:05:58
76,76,937,Debit Card,2025-08-29 01:25:32
77,77,599,UPI,2025-08-18 07:01:20
78,78,296,Credit Card,2025-08-04 04:08:02
79,79,174,Debit Card,2025-08-27 14:39:00
80,80,863,NetBanking,2025-06-27 17:46:38
81,81,367,Credit Card,2025-07-03 09:07:03
82,82,50,NetBanking,2025-08-14 02:07:53
83,83,428,Credit Card,2025-06-28 16:36:15
84,84,480,NetBanking,2025-09-01 11:15:36
85,85,445,Debit Card,2025-09-13 11:04:33
86,86,705,NetBanking,2025-07-28 00:24:55
87,87,531,Credit Card,2025-08-15 23:01:22
88,88,446,NetBanking,2025-08-16 03:49:37
89,89,1210,NetBanking,2025-07-01 10:52:41
90,90,429,NetBanking,2025-07-10 20:11:51
91,91,570,Debit Card,2025-07-30 09:12:02
92,92,494,Debit Card,2025-08-13 16:25:52
93,93,155,NetBanking,2025-07-05 09:22:55
94,94,248,Credit Card,2025-08-17 03:51:23
95,95,707,Credit Card,2025-07-29 05:31:44
96,96,564,Debit Card,2025-08-06 02:46:27
97,97,1210,Credit Card,2025-06-23 09:20:06
98,98,660,Debit Card,2025-08-05 19:45:27
99,99,50,Debit Card,2025-07-18 23:55:58
100,100,396,Credit Card,2025-07-09 01:04:42
101,101,219,NetBanking,2025-07-03 00:09:54
102,102,510,UPI,2025-07-24 02:15:49
103,103,536,UPI,2025-09-19 19:09:43
104,104,226,NetBanking,2025-07-15 04:33:23
105,105,703,Debit Card,2025-06-28 00:47:11
106,106,92,Debit Card,2025-08-19 08:49:16
107,107,413,Credit Card,2025-07-16 22:58:31
108,108,50,UPI,2025-08-22 05:57:45
109,109,934,NetBanking,2025-09-17 11:45:04
110,110,219,UPI,2025-07-30 22:45:59
111,111,572,Credit Card,2025-08-31 07:07:12
112,112,805,NetBanking,2025-07-05 11:35:36
113,113,316,Credit Card,2025-09-05 19:56:05
114,114,429,Credit Card,2025-09-14 16:26:49
115,115,870,NetBanking,2025-07-25 02:28:29
116,116,396,NetBanking,2025-07-08 18:11:49
117,117,210,NetBanking,2025-07-30 16:09:19
118,118,701,Credit Card,2025-09-07 11:33:57
119,119,705,UPI,2025-06-22 08:08:40
120,120,870,UPI,2025-07-05 05:37:37
121,121,941,UPI,2025-07-08 10:53:59
122,122,118,Credit Card,2025-07-02 01:41:49
123,123,937,NetBanking,2025-08-02 19:40:01
124,124,822,UPI,2025-08-16 15:15:51
125,125,370,Debit Card,2025-09-01 22:03:10
126,126,192,Credit Card,2025-09-03 19:09:20
127,127,501,NetBanking,2025-06-24 04:48:23
128,128,541,NetBanking,2025-08-14 03:17:28
129,129,539,Credit Card,2025-08-29 19:26:15
130,130,509,UPI,2025-08-10 06:48:10
131,131,894,UPI,2025-08-05 00:05:25
132,132,299,Credit Card,2025-07-27 11:03:03
133,133,73,Debit Card,2025-09-06 15:18:34
134,134,644,Debit Card,2025-07-18 12:23:02
135,135,1058,Debit Card,2025-08-10 17:18:04
136,136,588,Credit Card,2025-06-23 19:43:39
137,137,599,Debit Card,2025-07-05 10:35:23
138,138,501,Debit Card,2025-09-13 16:02:02
139,139,975,Debit Card,2025-09-11 14:09:38
140,140,441,NetBanking,2025-08-19 05:25:39
141,141,572,Credit Card,2025-07-14 17:31:45
142,142,241,Credit Card,2025-07-11 10:43:07
143,143,247,Debit Card,2025-09-05 20:01:38
144,144,909,UPI,2025-07-27 07:46:03
145,145,458,UPI,2025-08-13 12:09:52
146,146,489,NetBanking,2025-07-14 06:01:28
147,147,74,Debit Card,2025-09-03 13:32:49
148,148,547,NetBanking,2025-08-09 22:08:33
149,149,429,Debit Card,2025-09-10 16:24:20
150,150,1210,Debit Card,2025-07-20 11:43:49
151,151,775,Debit Card,2025-07-10 19:30:12
152,152,477,Debit Card,2025-08-27 09:45:13
153,153,676,UPI,2025-09-11 17:59:59
154,154,226,Credit Card,2025-08-21 21:34:24
155,155,320,Debit Card,2025-08-23 01:18:45
156,156,711,Credit Card,2025-06-30 23:30:13
157,157,470,NetBanking,2025-06-22 08:08:06
158,158,845,Debit Card,2025-07-31 21:57:33
159,159,962,UPI,2025-07-27 10:45:30
160,160,707,NetBanking,2025-08-04 05:26:41
161,161,413,UPI,2025-07-15 10:18:41
162,162,520,UPI,2025-09-15 23:46:54
163,163,937,UPI,2025-09-08 05:59:58
164,164,320,Credit Card,2025-07-23 01:00:19
165,165,708,Credit Card,2025-09-12 14:41:34
166,166,224,UPI,2025-06-30 14:17:12
167,167,50,Credit Card,2025-08-07 20:16:45
168,168,1015,NetBanking,2025-07-22 21:48:12
169,169,880,Credit Card,2025-07-24 16:20:05
170,170,429,Debit Card,2025-09-19 10:59:15
171,171,564,NetBanking,2025-07-16 10:19:37
172,172,1058,Credit Card,2025-07-28 22:15:03
173,173,237,NetBanking,2025-08-16 21:32:59
174,174,92,Debit Card,2025-07-13 20:58:18
175,175,429,Debit Card,2025-09-04 04:29:47
176,176,174,Credit Card,2025-08-28 17:51:42
177,177,278,Credit Card,2025-08-29 02:33:28
178,178,489,UPI,2025-07-25 01:53:35
179,179,863,Debit Card,2025-07-03 05:20:54
180,180,299,Credit Card,2025-06-24 15:05:57
181,181,316,NetBanking,2025-09-15 16:26:29
182,182,1101,Credit Card,2025-07-07 23:01:25
183,183,370,Credit Card,2025-09-01 01:27:22
184,184,239,NetBanking,2025-06-29 15:02:18
185,185,497,NetBanking,2025-07-21 13:23:57
186,186,865,NetBanking,2025-06-26 02:43:42
187,187,92,NetBanking,2025-09-18 05:34:25
188,188,199,Debit Card,2025-09-08 00:19:29
189,189,763,Credit Card,2025-09-04 07:15:29
190,190,489,UPI,2025-06-30 01:51:42
191,191,411,NetBanking,2025-07-06 06:04:06
192,192,845,NetBanking,2025-09-18 07:47:02
193,193,449,UPI,2025-08-13 04:32:18
194,194,853,Debit Card,2025-07-15 21:52:20
195,195,884,UPI,2025-07-10 07:26:19
196,196,304,UPI,2025-06-30 20:43:27
197,197,870,Credit Card,2025-08-16 21:24:50
198,198,863,NetBanking,2025-07-24 09:24:11
199,199,477,NetBanking,2025-07-27 22:09:51
200,200,705,Debit Card,2025-08-10 16:08:24
201,201,118,Debit Card,2025-08-22 14:54:23
202,202,721,Debit Card,2025-08-17 08:24:43
203,203,155,Debit Card,2025-08-29 18:46:42
204,204,822,Debit Card,2025-08-07 00:13:59
205,205,485,Debit Card,2025-08-15 22:38:45
206,206,418,Credit Card,2025-08-17 09:24:29
207,207,1058,Credit Card,2025-06-23 16:56:31
208,208,174,NetBanking,2025-07-13 10:58:13
209,209,773,UPI,2025-07-24 23:09:01
210,210,937,Credit Card,2025-09-08 09:09:12
211,211,894,Debit Card,2025-09-03 17:41:43
212,212,870,Debit Card,2025-09-13 23:31:29
213,213,144,UPI,2025-08-19 23:34:31
214,214,445,Debit Card,2025-08-05 01:53:54
215,215,962,UPI,2025-07-01 04:53:40
216,216,292,UPI,2025-08-08 16:29:23
217,217,82,NetBanking,2025-08-08 21:31:01
218,218,512,UPI,2025-06-29 16:46:17
219,219,73,Debit Card,2025-09-13 13:51:58
220,220,863,UPI,2025-08-08 07:12:39
221,221,279,NetBanking,2025-08-28 02:23:25
222,222,701,UPI,2025-06-24 09:43:52
223,223,536,Debit Card,2025-07-10 02:25:24
224,224,932,Credit Card,2025-06-25 22:10:05
225,225,50,NetBanking,2025-07-25 03:57:33
226,226,1015,Credit Card,2025-07-31 15:17:02
227,227,1210,Debit Card,2025-08-09 18:42:02
228,228,326,Debit Card,2025-08-04 04:48:52
229,229,371,Credit Card,2025-09-18 18:15:36
230,230,309,Debit Card,2025-06-27 12:48:47
231,231,172,Credit Card,2025-09-16 01:06:27
232,232,278,Debit Card,2025-08-16 12:49:20
233,233,1039,Debit Card,2025-07-21 07:22:35
234,234,626,NetBanking,2025-06-29 12:05:49
235,235,370,UPI,2025-07-04 02:17:09
236,236,256,Credit Card,2025-07-16 10:23:06
237,237,1058,NetBanking,2025-09-18 08:06:08
238,238,705,NetBanking,2025-08-28 16:26:06
239,239,278,UPI,2025-07-29 19:50:20
240,240,256,Debit Card,2025-06-22 02:46:57
241,241,508,NetBanking,2025-07-24 12:10:08
242,242,576,NetBanking,2025-07-01 05:27:17
243,243,1058,Debit Card,2025-07-30 08:15:46
244,244,50,NetBanking,2025-07-16 03:08:19
245,245,763,UPI,2025-08-13 10:28:21
246,246,477,NetBanking,2025-09-08 10:38:44
247,247,441,Credit Card,2025-07-14 09:47:44
248,248,1220,UPI,2025-09-03 12:17:52
249,249,330,UPI,2025-08-22 18:34:11
250,250,265,UPI,2025-08-22 22:13:28
251,251,1210,Debit Card,2025-08-14 21:31:08
252,252,118,UPI,2025-08-18 22:27:50
253,253,429,UPI,2025-07-23 18:25:34
254,254,1058,NetBanking,2025-07-12 22:57:51
255,255,314,NetBanking,2025-07-15 07:42:42
256,256,50,Credit Card,2025-08-04 20:43:41
257,257,314,UPI,2025-07-29 00:06:16
258,258,760,UPI,2025-08-15 22:36:14
259,259,326,Credit Card,2025-07-17 22:32:09
260,260,937,UPI,2025-07-03 02:07:53
261,261,844,NetBanking,2025-09-03 06:33:30
262,262,470,Credit Card,2025-08-15 14:20:04
263,263,489,Debit Card,2025-08-05 10:41:06
264,264,975,Credit Card,2025-09-04 05:35:10
265,265,391,Debit Card,2025-09-10 12:40:11
266,266,446,NetBanking,2025-07-31 23:39:56
267,267,510,Credit Card,2025-08-05 22:13:13
268,268,909,Credit Card,2025-08-06 03:51:55
269,269,50,UPI,2025-09-14 03:16:42
270,270,509,Debit Card,2025-08-25 19:24:39
271,271,50,UPI,2025-08-03 19:11:52
272,272,529,UPI,2025-09-13 02:43:08
273,273,698,NetBanking,2025-06-27 11:44:09
274,274,909,NetBanking,2025-06-22 12:27:11
275,275,304,Credit Card,2025-07-29 17:10:31
276,276,458,Debit Card,2025-07-19 01:55:22
277,277,1256,NetBanking,2025-07-13 16:41:31
278,278,532,Debit Card,2025-07-22 15:10:05
279,279,320,Debit Card,2025-07-23 01:17:14
280,280,50,Debit Card,2025-08-24 23:49:49
281,281,703,Credit Card,2025-09-11 08:49:34
282,282,510,Debit Card,2025-08-30 17:13:27
283,283,477,UPI,2025-08-18 01:28:16
284,284,367,Debit Card,2025-09-07 06:51:47
285,285,648,Credit Card,2025-08-30 20:27:10
286,286,547,UPI,2025-08-05 18:22:34
287,287,320,Debit Card,2025-08-26 09:36:17
288,288,1056,Debit Card,2025-08-22 04:48:50
289,289,510,UPI,2025-08-25 22:55:08
290,290,123,Debit Card,2025-09-11 12:31:09
291,291,865,Credit Card,2025-07-14 14:04:40
292,292,1267,Debit Card,2025-09-11 11:29:31
293,293,50,Debit Card,2025-06-29 20:42:44
294,294,292,Debit Card,2025-08-23 13:52:13
295,295,707,NetBanking,2025-09-04 17:36:08
296,296,845,Debit Card,2025-08-06 01:06:40
297,297,510,UPI,2025-09-03 14:00:27
298,298,822,Credit Card,2025-07-14 05:55:59
299,299,531,NetBanking,2025-06-26 02:23:42
300,300,446,UPI,2025-07-14 09:46:44
301,301,1056,NetBanking,2025-07-13 00:13:30
302,302,478,NetBanking,2025-07-09 14:00:00
303,303,1267,NetBanking,2025-07-17 04:30:04
304,304,928,NetBanking,2025-08-17 10:23:56
305,305,870,UPI,2025-09-06 21:09:04
306,306,487,Debit Card,2025-08-01 14:22:46
307,307,480,UPI,2025-09-02 21:28:55
308,308,210,Credit Card,2025-09-10 18:46:24
309,309,446,Credit Card,2025-08-31 08:41:05
310,310,623,UPI,2025-08-31 09:49:44
311,311,975,UPI,2025-08-04 19:32:12
312,312,411,Debit Card,2025-07-24 15:24:07
313,313,334,Credit Card,2025-09-18 00:23:59
314,314,446,Credit Card,2025-09-03 11:34:43
315,315,512,NetBanking,2025-08-09 18:04:00
316,316,279,Debit Card,2025-09-17 16:18:40
317,317,1326,Debit Card,2025-07-17 12:05:40
318,318,255,NetBanking,2025-09-14 09:05:32
319,319,521,Debit Card,2025-07-25 10:25:37
320,320,494,Debit Card,2025-07-03 22:27:46
321,321,386,NetBanking,2025-09-05 03:29:39
322,322,304,Debit Card,2025-06-22 03:00:45
323,323,172,NetBanking,2025-07-21 16:33:50
324,324,510,NetBanking,2025-08-13 23:49:55
325,325,296,Debit Card,2025-07-19 13:17:33
326,326,446,Debit Card,2025-09-17 02:31:29
327,327,487,UPI,2025-08-12 11:10:16
328,328,703,Credit Card,2025-09-13 07:47:32
329,329,485,Debit Card,2025-06-26 01:30:23
330,330,705,UPI,2025-08-17 22:47:41
331,331,441,Debit Card,2025-07-21 08:52:04
332,332,721,NetBanking,2025-08-29 05:14:51
333,333,541,Credit Card,2025-09-14 09:49:54
334,334,932,Debit Card,2025-08-03 11:12:18
335,335,265,Debit Card,2025-08-31 11:37:31
336,336,485,NetBanking,2025-09-07 04:00:59
337,337,953,Debit Card,2025-07-13 22:56:00
338,338,1101,UPI,2025-09-11 03:13:33
339,339,1281,UPI,2025-07-03 22:17:05
340,340,962,Credit Card,2025-08-13 22:57:23
341,341,224,Credit Card,2025-07-01 04:40:52
342,342,386,UPI,2025-07-25 21:08:15
343,343,1326,Credit Card,2025-07-29 23:20:20
344,344,942,NetBanking,2025-06-23 18:06:09
345,345,1210,Debit Card,2025-09-13 03:34:22
346,346,775,NetBanking,2025-07-25 03:05:10
347,347,470,UPI,2025-09-12 19:02:13
348,348,446,Credit Card,2025-07-20 11:25:32
349,349,446,NetBanking,2025-07-07 12:54:28
350,350,265,Debit Card,2025-08-07 03:51:50
351,351,316,Credit Card,2025-06-26 06:52:25
352,352,255,UPI,2025-08-05 18:37:16
353,353,571,UPI,2025-08-18 20:28:51
354,354,210,Credit Card,2025-09-05 01:29:03
355,355,279,NetBanking,2025-09-12 15:01:24
356,356,395,UPI,2025-08-17 08:17:28
357,357,480,Credit Card,2025-09-16 07:41:18
358,358,547,NetBanking,2025-07-26 02:17:24
359,359,446,NetBanking,2025-09-09 20:51:34
360,360,783,Debit Card,2025-08-17 15:34:50
361,361,418,NetBanking,2025-08-30 12:17:11
362,362,588,UPI,2025-09-16 01:51:30
363,363,219,Debit Card,2025-07-21 03:15:42
364,364,773,Credit Card,2025-09-07 18:54:51
365,365,527,Credit Card,2025-08-07 07:37:20
366,366,446,UPI,2025-08-01 22:44:22
367,367,711,Debit Card,2025-09-10 17:19:11
368,368,941,NetBanking,2025-07-03 07:01:33
369,369,330,NetBanking,2025-07-02 04:21:45
370,370,326,NetBanking,2025-07-02 22:58:09
371,371,370,Credit Card,2025-06-26 11:45:42
372,372,418,Credit Card,2025-08-08 04:10:46
373,373,441,UPI,2025-08-16 05:45:35
374,374,934,UPI,2025-08-06 18:52:11
375,375,510,UPI,2025-07-30 05:46:00
376,376,536,UPI,2025-07-21 05:38:20
377,377,928,NetBanking,2025-09-15 15:09:21
378,378,487,UPI,2025-08-04 20:56:05
379,379,296,UPI,2025-07-27 14:00:16
380,380,711,Credit Card,2025-07-20 03:46:00
381,381,487,Credit Card,2025-08-26 13:31:56
382,382,429,Credit Card,2025-09-02 18:41:48
383,383,536,NetBanking,2025-07-26 09:01:20
384,384,865,Debit Card,2025-08-01 05:46:04
385,385,82,NetBanking,2025-07-25 22:01:27
386,386,219,Debit Card,2025-08-05 01:06:21
387,387,674,NetBanking,2025-07-06 08:42:18
388,388,226,UPI,2025-08-10 17:53:31
389,389,578,Credit Card,2025-08-15 09:52:42
390,390,805,NetBanking,2025-09-06 06:10:40
391,391,1101,NetBanking,2025-08-05 12:30:31
392,392,1210,NetBanking,2025-07-06 12:11:23
393,393,1460,Credit Card,2025-07-08 08:28:29
394,394,547,Credit Card,2025-07-29 04:48:44
395,395,674,Credit Card,2025-08-27 13:48:37
396,396,884,Credit Card,2025-08-16 13:34:43
397,397,402,Credit Card,2025-07-12 09:05:25
398,398,975,Debit Card,2025-07-20 18:43:39
399,399,304,UPI,2025-08-10 05:13:51
400,400,478,NetBanking,2025-07-24 13:12:52
401,401,441,NetBanking,2025-07-18 23:58:51
402,402,705,Credit Card,2025-08-27 10:54:17
403,403,1326,UPI,2025-06-24 19:37:33
404,404,415,NetBanking,2025-09-03 18:37:37
405,405,925,NetBanking,2025-07-11 09:55:34
406,406,539,Credit Card,2025-08-17 20:31:36
407,407,237,NetBanking,2025-06-23 04:39:38
408,408,309,NetBanking,2025-08-20 22:15:03
409,409,489,Credit Card,2025-08-10 10:52:50
410,410,470,Debit Card,2025-07-17 21:06:55
411,411,418,Debit Card,2025-08-27 08:46:26
412,412,466,Credit Card,2025-07-28 13:47:31
413,413,50,UPI,2025-08-12 05:04:19
414,414,1015,Credit Card,2025-09-13 00:11:12
415,415,536,UPI,2025-07-25 14:03:58
416,416,265,NetBanking,2025-09-02 16:25:40
417,417,599,Credit Card,2025-08-01 15:38:28
418,418,172,NetBanking,2025-06-23 05:53:57
419,419,708,UPI,2025-09-11 00:24:03
420,420,773,UPI,2025-08-03 20:14:43
421,421,489,UPI,2025-07-28 21:00:30
422,422,932,UPI,2025-08-31 07:16:38
423,423,870,Debit Card,2025-08-18 08:27:57
424,424,541,UPI,2025-08-31 09:43:33
425,425,510,NetBanking,2025-08-19 16:42:53
426,426,623,Credit Card,2025-07-09 09:19:43
427,427,396,UPI,2025-09-19 10:55:17
428,428,477,NetBanking,2025-09-14 06:09:33
429,429,237,UPI,2025-08-24 21:20:43
430,430,612,Debit Card,2025-08-30 08:58:26
431,431,226,Debit Card,2025-09-13 06:21:46
432,432,402,UPI,2025-07-31 21:22:32
433,433,698,NetBanking,2025-06-28 09:06:30
434,434,698,UPI,2025-07-13 21:57:21
435,435,1101,Debit Card,2025-08-11 13:50:56
436,436,265,NetBanking,2025-07-04 03:30:03
437,437,370,Credit Card,2025-07-31 15:56:12
438,438,334,UPI,2025-09-05 09:26:03
439,439,192,UPI,2025-08-14 13:36:57
440,440,698,Debit Card,2025-08-07 02:31:21
441,441,510,UPI,2025-06-25 14:17:13
442,442,1039,UPI,2025-08-21 02:08:39
443,443,429,Credit Card,2025-09-04 12:00:02
444,444,418,Credit Card,2025-09-13 16:12:01
445,445,701,NetBanking,2025-08-03 22:56:22
446,446,326,UPI,2025-09-15 09:10:04
447,447,844,NetBanking,2025-08-03 23:33:38
448,448,942,Debit Card,2025-09-16 10:57:31
449,449,512,NetBanking,2025-08-05 07:14:46
450,450,224,Debit Card,2025-08-03 05:07:23
451,451,396,UPI,2025-08-18 08:49:34
452,452,626,NetBanking,2025-07-28 03:41:53
453,453,532,UPI,2025-08-06 12:07:35
454,454,1267,UPI,2025-06-25 21:40:00
455,455,884,NetBanking,2025-09-03 08:39:38
456,456,572,UPI,2025-08-24 23:39:07
457,457,571,Debit Card,2025-07-11 19:12:49
458,458,1210,Debit Card,2025-08-16 09:10:02
459,459,82,UPI,2025-08-15 10:15:00
460,460,226,Credit Card,2025-09-16 21:31:09
461,461,925,Credit Card,2025-09-10 08:41:14
462,462,925,Debit Card,2025-07-31 05:55:02
463,463,509,UPI,2025-07-06 13:47:07
464,464,626,UPI,2025-07-28 20:10:21
465,465,413,Debit Card,2025-07-13 11:52:21
466,466,248,NetBanking,2025-08-09 12:44:54
467,467,489,Credit Card,2025-08-06 04:44:46
468,468,82,Debit Card,2025-08-18 18:43:28
469,469,648,Credit Card,2025-07-09 00:55:43
470,470,82,Credit Card,2025-09-15 15:07:56
471,471,610,NetBanking,2025-09-02 10:00:45
472,472,50,UPI,2025-09-08 07:42:55
473,473,458,Debit Card,2025-09-03 03:27:42
474,474,123,UPI,2025-09-19 20:24:09
475,475,721,UPI,2025-08-04 00:41:59
476,476,487,NetBanking,2025-06-28 02:48:31
477,477,845,Debit Card,2025-08-26 16:14:35
478,478,118,NetBanking,2025-09-06 14:28:51
479,479,660,Credit Card,2025-06-30 10:07:31
480,480,962,UPI,2025-06-27 01:35:35
481,481,396,Credit Card,2025-08-03 09:56:32
482,482,192,UPI,2025-09-03 11:52:03
483,483,1256,Debit Card,2025-07-15 19:38:30
484,484,703,NetBanking,2025-07-26 03:48:42
485,485,320,Credit Card,2025-07-03 17:33:23
486,486,711,Debit Card,2025-07-04 04:52:45
487,487,648,Debit Card,2025-08-14 06:12:07
488,488,707,UPI,2025-08-18 03:48:26
489,489,210,Credit Card,2025-08-01 14:29:42
490,490,510,NetBanking,2025-07-08 16:47:03
491,491,572,Debit Card,2025-07-10 05:44:37
492,492,256,Debit Card,2025-08-25 21:38:38
493,493,446,Debit Card,2025-09-06 19:58:44
494,494,612,Debit Card,2025-06-25 14:51:08
495,495,477,NetBanking,2025-07-31 22:35:55
496,496,428,Debit Card,2025-08-13 06:12:13
497,497,73,Debit Card,2025-09-17 04:45:41
498,498,418,Credit Card,2025-08-24 22:07:48
499,499,934,UPI,2025-09-18 22:26:43
500,500,328,Debit Card,2025-07-08 16:06:01
501,501,330,Credit Card,2025-07-19 08:48:50
502,502,547,NetBanking,2025-07-11 22:50:18
503,503,928,NetBanking,2025-07-07 19:55:43
504,504,1256,NetBanking,2025-07-14 12:15:32
505,505,845,Debit Card,2025-07-10 12:24:26
506,506,721,NetBanking,2025-08-27 00:47:16
507,507,701,Debit Card,2025-09-05 20:45:45
508,508,941,NetBanking,2025-07-15 06:49:46
509,509,601,NetBanking,2025-06-27 05:11:47
510,510,588,UPI,2025-09-06 17:16:08
511,511,309,UPI,2025-07-05 14:45:59
512,512,278,UPI,2025-07-12 01:49:59
513,513,1039,NetBanking,2025-08-20 18:35:22
514,514,395,UPI,2025-08-18 16:04:50
515,515,237,UPI,2025-07-14 02:22:14
516,516,1058,Debit Card,2025-07-16 09:13:48
517,517,50,UPI,2025-07-19 00:07:42
518,518,480,UPI,2025-07-28 19:15:02
519,519,539,Credit Card,2025-06-24 08:34:46
520,520,50,Debit Card,2025-09-06 16:28:31
521,521,418,UPI,2025-07-30 16:05:06
522,522,576,Debit Card,2025-09-09 06:42:40
523,523,928,Debit Card,2025-08-29 06:34:53
524,524,370,Credit Card,2025-09-16 23:43:09
525,525,578,NetBanking,2025-06-24 02:03:11
526,526,579,UPI,2025-09-11 08:26:24
527,527,512,Credit Card,2025-09-12 12:43:07
528,528,576,Debit Card,2025-07-28 23:37:02
529,529,314,UPI,2025-08-15 09:50:43
530,530,763,Debit Card,2025-07-17 12:52:42
531,531,942,NetBanking,2025-08-29 23:25:50
532,532,1281,UPI,2025-07-13 09:43:56
533,533,705,Credit Card,2025-08-27 17:09:07
534,534,521,NetBanking,2025-09-19 17:05:19
535,535,172,NetBanking,2025-06-22 06:26:57
536,536,773,NetBanking,2025-07-30 19:53:16
537,537,721,NetBanking,2025-08-20 17:29:41
538,538,531,Credit Card,2025-07-25 03:12:46
539,539,510,Debit Card,2025-08-24 21:41:15
540,540,441,Credit Card,2025-07-04 15:28:21
541,541,118,NetBanking,2025-07-10 18:36:23
542,542,510,Credit Card,2025-07-25 10:15:50
543,543,423,UPI,2025-08-03 11:08:43
544,544,660,NetBanking,2025-08-13 11:49:19
545,545,623,Debit Card,2025-09-15 02:53:17
546,546,775,Credit Card,2025-07-30 23:56:40
547,547,224,UPI,2025-07-23 20:01:52
548,548,466,Credit Card,2025-09-05 01:35:16
549,549,644,UPI,2025-07-05 12:14:57
550,550,942,UPI,2025-08-19 14:32:32
551,551,626,Credit Card,2025-07-21 07:54:51
552,552,144,NetBanking,2025-06-30 14:10:11
553,553,82,NetBanking,2025-07-05 11:02:14
554,554,241,Debit Card,2025-08-10 07:02:42
555,555,256,NetBanking,2025-07-25 15:58:29
556,556,418,Debit Card,2025-07-15 03:45:33
557,557,760,NetBanking,2025-08-07 17:36:11
558,558,610,UPI,2025-08-30 02:33:16
559,559,172,UPI,2025-09-11 15:50:30
560,560,510,UPI,2025-06-26 05:14:04
561,561,395,Debit Card,2025-06-25 05:23:38
562,562,309,NetBanking,2025-09-06 23:07:30
563,563,371,Debit Card,2025-07-29 20:53:26
564,564,529,UPI,2025-09-13 05:08:40
565,565,449,Credit Card,2025-07-17 05:16:59
566,566,50,Credit Card,2025-07-16 20:01:56
567,567,255,UPI,2025-08-12 06:28:38
568,568,853,Credit Card,2025-09-16 04:50:37
569,569,775,Credit Card,2025-09-10 05:46:43
570,570,579,Credit Card,2025-08-14 12:24:08
571,571,508,NetBanking,2025-07-24 13:52:09
572,572,853,Debit Card,2025-07-19 01:56:50
573,573,82,Debit Card,2025-08-12 21:08:57
574,574,50,Debit Card,2025-08-07 13:33:26
575,575,579,Debit Card,2025-09-05 15:50:49
576,576,909,Debit Card,2025-07-25 03:27:08
577,577,708,Credit Card,2025-07-15 19:56:34
578,578,510,NetBanking,2025-07-02 18:33:07
579,579,247,Credit Card,2025-07-03 10:26:23
580,580,531,UPI,2025-08-17 08:54:34
581,581,478,Credit Card,2025-08-22 12:48:13
582,582,527,Credit Card,2025-09-03 11:35:35
583,583,172,NetBanking,2025-09-04 22:25:47
584,584,660,NetBanking,2025-09-07 22:10:06
585,585,707,NetBanking,2025-08-11 19:44:43
586,586,510,NetBanking,2025-09-06 02:52:09
587,587,775,NetBanking,2025-06-22 07:23:05
588,588,480,Debit Card,2025-07-16 20:33:18
589,589,396,UPI,2025-07-08 15:28:00
590,590,413,Debit Card,2025-07-27 06:02:50
591,591,480,Credit Card,2025-07-25 05:43:02
592,592,578,UPI,2025-07-22 08:49:25
593,593,330,UPI,2025-09-17 16:00:47
594,594,708,Debit Card,2025-07-05 23:53:35
595,595,701,NetBanking,2025-08-12 19:12:29
596,596,304,UPI,2025-09-07 13:32:06
597,597,703,NetBanking,2025-06-22 16:16:56
598,598,865,Credit Card,2025-07-23 18:30:49
599,599,478,Debit Card,2025-07-16 14:57:37
600,600,239,UPI,2025-08-04 12:40:50
601,601,962,NetBanking,2025-07-31 11:33:34
602,602,413,Debit Card,2025-09-03 02:25:43
603,603,402,Debit Card,2025-07-21 10:22:13
604,604,155,UPI,2025-07-04 15:47:12
605,605,74,Credit Card,2025-07-27 07:12:53
606,606,92,UPI,2025-07-24 02:43:42
607,607,50,NetBanking,2025-09-07 15:23:39
608,608,423,Credit Card,2025-06-24 15:11:48
609,609,909,UPI,2025-08-07 04:03:33
610,610,536,Credit Card,2025-08-15 16:22:25
611,611,92,Credit Card,2025-09-13 22:33:29
612,612,70,Credit Card,2025-08-02 12:37:06
613,613,395,UPI,2025-08-14 17:16:15
614,614,644,Credit Card,2025-08-12 05:31:27
615,615,644,Debit Card,2025-08-22 12:17:28
616,616,508,Credit Card,2025-08-04 07:52:06
617,617,1079,Credit Card,2025-08-13 12:12:09
618,618,527,Credit Card,2025-07-30 13:31:08
619,619,509,UPI,2025-06-24 15:19:16
620,620,247,NetBanking,2025-08-26 05:03:13
621,621,1056,UPI,2025-07-09 14:47:21
622,622,711,Credit Card,2025-06-26 11:01:26
623,623,571,UPI,2025-07-14 18:36:41
624,624,58,Credit Card,2025-08-31 10:43:32
625,625,763,Debit Card,2025-08-18 19:18:29
626,626,707,Debit Card,2025-07-04 13:40:39
627,627,118,NetBanking,2025-07-08 05:21:14
628,628,564,Debit Card,2025-07-03 19:41:25
629,629,326,Debit Card,2025-07-16 16:28:26
630,630,367,UPI,2025-09-16 21:16:47
631,631,279,Credit Card,2025-06-29 03:06:04
632,632,279,Debit Card,2025-09-19 16:48:05
633,633,610,UPI,2025-08-07 12:19:14
634,634,510,Debit Card,2025-06-25 04:33:53
635,635,1220,NetBanking,2025-09-17 15:29:55
636,636,470,Debit Card,2025-09-17 17:11:37
637,637,50,Debit Card,2025-07-01 13:33:40
638,638,82,NetBanking,2025-08-21 17:14:51
639,639,62,Credit Card,2025-08-30 04:19:00
640,640,172,Credit Card,2025-09-17 09:30:34
641,641,477,Credit Card,2025-07-23 00:49:27
642,642,707,UPI,2025-08-15 11:12:26
643,643,371,UPI,2025-07-30 22:47:41
644,644,284,Credit Card,2025-08-01 20:15:33
645,645,248,UPI,2025-09-19 09:41:47
646,646,698,Debit Card,2025-07-12 04:18:07
647,647,1326,Debit Card,2025-08-18 19:31:12
648,648,489,Credit Card,2025-09-05 05:06:18
649,649,932,NetBanking,2025-08-16 07:05:09
650,650,494,Debit Card,2025-08-25 15:23:29
651,651,449,Debit Card,2025-07-04 08:49:25
652,652,531,UPI,2025-08-13 12:53:00
653,653,446,NetBanking,2025-09-08 23:02:12
654,654,934,NetBanking,2025-08-06 06:30:24
655,655,428,NetBanking,2025-08-15 23:02:47
656,656,82,Credit Card,2025-08-11 20:19:12
657,657,489,Credit Card,2025-09-05 07:40:27
658,658,299,UPI,2025-08-07 03:25:50
659,659,247,Debit Card,2025-07-07 15:44:38
660,660,219,UPI,2025-09-19 15:05:43
661,661,547,Debit Card,2025-09-15 01:22:41
662,662,510,Debit Card,2025-08-11 15:14:20
663,663,150,NetBanking,2025-08-09 00:44:24
664,664,50,Debit Card,2025-07-11 22:28:35
665,665,1015,NetBanking,2025-09-10 05:34:22
666,666,705,Credit Card,2025-09-07 05:04:33
667,667,674,UPI,2025-08-28 11:29:00
668,668,512,Credit Card,2025-06-29 19:54:23
669,669,576,NetBanking,2025-07-16 21:34:52
670,670,705,Credit Card,2025-09-07 04:39:18
671,671,1056,Credit Card,2025-07-07 16:42:04
672,672,330,UPI,2025-09-08 03:31:12
673,673,355,NetBanking,2025-07-22 15:33:39
674,674,773,Debit Card,2025-08-16 19:45:04
675,675,541,UPI,2025-07-27 20:03:23
676,676,241,UPI,2025-09-07 22:03:52
677,677,822,Debit Card,2025-07-31 02:13:33
678,678,539,NetBanking,2025-07-08 06:12:33
679,679,705,Debit Card,2025-08-16 23:35:26
680,680,783,UPI,2025-09-09 21:29:44
681,681,698,NetBanking,2025-07-02 17:25:32
682,682,532,NetBanking,2025-08-07 11:57:20
683,683,953,NetBanking,2025-09-18 13:52:46
684,684,466,NetBanking,2025-08-25 12:49:35
685,685,660,Credit Card,2025-08-17 12:00:46
686,686,942,NetBanking,2025-07-30 09:00:19
687,687,247,Credit Card,2025-07-22 08:58:35
688,688,118,NetBanking,2025-07-21 03:02:29
689,689,299,Credit Card,2025-07-03 07:14:16
690,690,1015,UPI,2025-08-02 06:46:04
691,691,50,NetBanking,2025-06-22 22:44:36
692,692,570,NetBanking,2025-07-14 23:51:36
693,693,676,UPI,2025-07-10 13:26:59
694,694,610,NetBanking,2025-09-03 19:59:00
695,695,445,UPI,2025-07-09 01:20:34
696,696,773,Credit Card,2025-08-13 04:03:43
697,697,909,Credit Card,2025-08-15 16:05:14
698,698,316,Debit Card,2025-08-10 10:05:30
699,699,775,Credit Card,2025-06-22 02:25:32
700,700,82,UPI,2025-08-06 17:12:31
701,701,480,Debit Card,2025-06-22 23:33:15
702,702,418,UPI,2025-06-23 21:59:36
703,703,644,Credit Card,2025-07-23 11:12:20
704,704,654,Credit Card,2025-06-29 11:39:52
705,705,1460,Credit Card,2025-08-29 07:12:43
706,706,489,UPI,2025-06-26 23:03:15
707,707,328,NetBanking,2025-07-09 10:44:51
708,708,309,Debit Card,2025-08-12 06:47:34
709,709,707,UPI,2025-08-08 15:39:46
710,710,865,Credit Card,2025-07-22 18:57:42
711,711,708,NetBanking,2025-07-24 06:50:44
712,712,932,Debit Card,2025-08-27 02:24:42
713,713,1058,UPI,2025-06-29 03:01:18
714,714,572,Credit Card,2025-07-06 22:06:57
715,715,578,Debit Card,2025-06-24 05:12:32
716,716,50,Credit Card,2025-07-06 07:59:33
717,717,512,NetBanking,2025-08-27 11:43:22
718,718,423,Debit Card,2025-07-07 01:40:16
719,719,705,Debit Card,2025-08-31 08:14:09
720,720,763,UPI,2025-08-29 16:43:39
721,721,411,Credit Card,2025-08-24 18:09:27
722,722,316,Debit Card,2025-09-03 06:41:08
723,723,144,NetBanking,2025-06-22 09:44:45
724,724,415,Debit Card,2025-06-29 20:59:36
725,725,520,Credit Card,2025-08-31 23:07:11
726,726,962,Credit Card,2025-09-16 13:19:28
727,727,863,NetBanking,2025-08-08 06:06:08
728,728,480,Debit Card,2025-07-27 08:38:36
729,729,508,Credit Card,2025-07-20 00:22:05
730,730,174,UPI,2025-07-27 22:41:23
731,731,371,Credit Card,2025-07-18 06:14:02
732,732,773,Debit Card,2025-06-28 23:42:12
733,733,480,UPI,2025-07-30 15:44:20
734,734,237,Debit Card,2025-07-18 01:38:47
735,735,648,NetBanking,2025-08-12 23:36:38
736,736,570,Debit Card,2025-08-09 16:06:28
737,737,975,UPI,2025-08-21 17:25:47
738,738,845,NetBanking,2025-07-05 06:18:28
739,739,265,Credit Card,2025-08-24 05:27:18
740,740,265,Debit Card,2025-09-13 20:28:05
741,741,470,Debit Card,2025-08-28 17:08:25
742,742,844,Debit Card,2025-06-28 18:57:45
743,743,531,UPI,2025-06-27 10:44:41
744,744,210,NetBanking,2025-09-14 02:07:45
745,745,539,UPI,2025-09-16 23:50:32
746,746,1460,Debit Card,2025-07-18 05:58:21
747,747,415,UPI,2025-07-31 05:49:45
748,748,660,NetBanking,2025-08-01 09:40:11
749,749,700,Credit Card,2025-07-04 08:00:29
750,750,623,NetBanking,2025-09-14 15:15:13
751,751,532,NetBanking,2025-08-06 02:38:38
752,752,458,NetBanking,2025-07-23 20:35:52
753,753,449,UPI,2025-08-24 20:22:02
754,754,477,Debit Card,2025-09-01 10:58:05
755,755,371,NetBanking,2025-06-23 21:18:39
756,756,1256,UPI,2025-09-05 05:29:47
757,757,477,Credit Card,2025-07-01 10:23:57
758,758,576,NetBanking,2025-07-26 09:30:08
759,759,445,Credit Card,2025-07-08 13:33:13
760,760,226,NetBanking,2025-07-31 23:40:33
761,761,413,Debit Card,2025-08-27 13:38:54
762,762,58,Debit Card,2025-08-27 04:39:36
763,763,711,Credit Card,2025-08-16 05:56:39
764,764,199,Credit Card,2025-08-04 03:01:29
765,765,480,Credit Card,2025-07-16 13:26:02
766,766,466,Debit Card,2025-07-18 00:40:12
767,767,1101,NetBanking,2025-07-08 09:32:35
768,768,192,Credit Card,2025-09-10 12:46:36
769,769,309,Debit Card,2025-06-26 10:59:43
770,770,942,UPI,2025-07-14 15:09:40
771,771,962,Debit Card,2025-09-14 23:03:53
772,772,509,UPI,2025-08-31 17:34:01
773,773,576,NetBanking,2025-07-30 04:17:53
774,774,520,UPI,2025-06-27 05:36:38
775,775,509,UPI,2025-08-07 22:02:17
776,776,599,UPI,2025-08-12 14:53:19
777,777,599,UPI,2025-09-18 01:49:12
778,778,82,Credit Card,2025-09-04 16:09:12
779,779,494,Credit Card,2025-07-25 10:09:49
780,780,123,NetBanking,2025-07-20 04:13:46
781,781,703,Debit Card,2025-09-01 00:19:59
782,782,296,Credit Card,2025-08-13 14:56:02
783,783,489,NetBanking,2025-09-08 18:48:19
784,784,413,Debit Card,2025-07-10 08:34:20
785,785,863,Debit Card,2025-07-11 05:17:07
786,786,74,Credit Card,2025-06-23 17:22:35
787,787,708,NetBanking,2025-08-16 18:15:10
788,788,674,NetBanking,2025-07-28 14:03:08
789,789,314,Credit Card,2025-08-10 12:03:05
790,790,529,Credit Card,2025-08-08 20:53:44
791,791,296,Debit Card,2025-07-05 06:45:48
792,792,1015,Credit Card,2025-09-17 04:05:52
793,793,494,NetBanking,2025-07-15 21:41:45
794,794,1281,Debit Card,2025-08-27 19:16:58
795,795,309,Credit Card,2025-08-14 10:29:31
796,796,429,Credit Card,2025-07-12 14:54:10
797,797,572,Debit Card,2025-07-30 03:25:52
798,798,370,NetBanking,2025-08-12 09:34:29
799,799,485,UPI,2025-08-29 17:10:30
800,800,529,NetBanking,2025-08-23 13:50:27
801,801,304,Debit Card,2025-06-23 21:42:04
802,802,703,NetBanking,2025-08-02 18:38:29
803,803,527,Credit Card,2025-06-26 09:25:04
804,804,763,Debit Card,2025-09-07 10:31:41
805,805,760,Debit Card,2025-06-30 20:51:00
806,806,520,UPI,2025-09-13 09:24:39
807,807,441,Credit Card,2025-07-17 09:36:50
808,808,172,Credit Card,2025-07-24 02:37:00
809,809,612,Debit Card,2025-08-04 01:23:57
810,810,783,UPI,2025-08-18 03:55:18
811,811,529,UPI,2025-07-06 12:40:20
812,812,1210,Debit Card,2025-07-14 06:42:11
813,813,1058,UPI,2025-07-05 13:09:18
814,814,370,NetBanking,2025-07-30 20:01:09
815,815,255,Debit Card,2025-08-08 04:41:51
816,816,941,Credit Card,2025-06-29 13:39:11
817,817,539,NetBanking,2025-07-18 11:14:11
818,818,367,NetBanking,2025-09-01 22:32:17
819,819,570,Debit Card,2025-08-25 18:30:45
820,820,118,UPI,2025-08-12 04:46:46
821,821,884,Credit Card,2025-07-25 19:05:15
822,822,601,Debit Card,2025-08-09 21:40:34
823,823,192,Debit Card,2025-08-29 17:49:00
824,824,226,Debit Card,2025-07-01 23:21:26
825,825,1267,UPI,2025-08-21 19:47:19
826,826,402,NetBanking,2025-08-22 18:10:36
827,827,805,Credit Card,2025-08-05 09:31:05
828,828,531,NetBanking,2025-06-22 04:39:17
829,829,941,Credit Card,2025-07-01 05:58:37
830,830,304,Debit Card,2025-07-27 08:50:44
831,831,536,UPI,2025-06-26 10:05:09
832,832,539,Debit Card,2025-08-31 07:42:28
833,833,172,Debit Card,2025-07-02 01:41:16
834,834,501,UPI,2025-08-15 15:19:30
835,835,256,Credit Card,2025-08-02 15:16:09
836,836,763,Credit Card,2025-08-09 21:20:33
837,837,396,Credit Card,2025-08-20 11:54:27
838,838,248,NetBanking,2025-09-12 08:51:06
839,839,73,Credit Card,2025-08-07 23:15:46
840,840,707,Debit Card,2025-08-25 21:44:11
841,841,239,UPI,2025-07-04 00:26:06
842,842,773,UPI,2025-06-24 23:18:16
843,843,449,Credit Card,2025-08-20 19:42:57
844,844,210,Debit Card,2025-07-04 22:07:05
845,845,497,Credit Card,2025-07-26 18:51:11
846,846,612,Debit Card,2025-06-29 14:42:59
847,847,880,Credit Card,2025-08-16 22:57:42
848,848,423,NetBanking,2025-07-04 01:24:24
849,849,527,Credit Card,2025-06-26 14:04:31
850,850,497,Credit Card,2025-07-03 15:06:09
851,851,314,NetBanking,2025-09-12 14:45:16
852,852,531,Credit Card,2025-08-15 14:01:57
853,853,570,Debit Card,2025-07-07 21:24:17
854,854,909,Credit Card,2025-08-14 00:32:45
855,855,239,Credit Card,2025-08-31 17:14:00
856,856,210,Credit Card,2025-08-30 18:34:59
857,857,449,NetBanking,2025-07-26 20:41:05
858,858,118,NetBanking,2025-07-04 14:48:49
859,859,50,UPI,2025-07-15 12:42:12
860,860,428,NetBanking,2025-07-14 22:22:31
861,861,144,NetBanking,2025-08-29 01:12:01
862,862,576,Debit Card,2025-07-06 17:41:19
863,863,512,NetBanking,2025-08-15 01:21:03
864,864,466,UPI,2025-08-04 20:42:33
865,865,863,UPI,2025-09-11 23:37:14
866,866,1039,NetBanking,2025-06-22 20:01:30
867,867,50,NetBanking,2025-09-10 04:00:11
868,868,844,Debit Card,2025-07-18 19:10:53
869,869,703,NetBanking,2025-08-16 15:38:51
870,870,880,UPI,2025-08-23 10:51:53
871,871,508,Debit Card,2025-09-12 18:34:08
872,872,304,Debit Card,2025-07-11 10:04:07
873,873,470,UPI,2025-09-03 11:35:10
874,874,942,Debit Card,2025-08-07 03:50:54
875,875,512,NetBanking,2025-08-17 15:05:00
876,876,50,UPI,2025-07-25 18:56:18
877,877,1267,Debit Card,2025-08-10 04:13:09
878,878,411,UPI,2025-07-07 05:39:44
879,879,648,Credit Card,2025-08-18 02:40:52
880,880,705,NetBanking,2025-09-18 07:12:07
881,881,224,UPI,2025-07-02 07:29:49
882,882,150,Debit Card,2025-07-25 03:50:09
883,883,265,Credit Card,2025-08-12 01:03:41
884,884,296,NetBanking,2025-08-22 19:51:56
885,885,521,NetBanking,2025-09-18 05:10:50
886,886,367,Debit Card,2025-07-28 23:28:37
887,887,1220,NetBanking,2025-09-18 07:49:07
888,888,330,Debit Card,2025-07-23 12:57:14
889,889,386,UPI,2025-09-08 04:13:59
890,890,942,Debit Card,2025-07-04 14:46:12
891,891,296,NetBanking,2025-06-29 04:02:44
892,892,541,NetBanking,2025-08-02 14:26:10
893,893,941,NetBanking,2025-09-11 05:50:50
894,894,705,NetBanking,2025-07-12 07:05:26
895,895,529,NetBanking,2025-09-07 15:53:29
896,896,446,NetBanking,2025-08-19 10:27:37
897,897,510,NetBanking,2025-08-23 13:02:02
898,898,284,NetBanking,2025-08-04 16:25:30
899,899,711,UPI,2025-06-30 07:05:35
900,900,292,UPI,2025-07-19 04:22:18
901,901,429,UPI,2025-08-19 21:19:10
902,902,805,NetBanking,2025-07-08 14:29:49
903,903,446,Debit Card,2025-06-23 14:45:40
904,904,296,Debit Card,2025-09-17 16:02:18
905,905,674,Debit Card,2025-09-06 18:50:13
906,906,449,Debit Card,2025-08-06 16:58:43
907,907,541,Debit Card,2025-07-24 19:02:23
908,908,239,Debit Card,2025-09-10 17:45:49
909,909,674,UPI,2025-08-05 03:41:30
910,910,70,NetBanking,2025-07-21 23:48:14
911,911,478,NetBanking,2025-08-28 13:17:03
912,912,571,UPI,2025-09-13 16:53:07
913,913,320,UPI,2025-07-02 14:39:23
914,914,155,Debit Card,2025-09-06 14:05:05
915,915,314,NetBanking,2025-07-22 05:17:07
916,916,884,Debit Card,2025-09-18 20:01:18
917,917,402,NetBanking,2025-07-09 11:26:28
918,918,576,Credit Card,2025-07-21 00:55:51
919,919,760,NetBanking,2025-08-15 10:41:41
920,920,470,UPI,2025-09-08 16:53:35
921,921,1101,NetBanking,2025-08-06 05:50:16
922,922,845,Credit Card,2025-09-10 04:22:18
923,923,521,Debit Card,2025-07-15 09:11:11
924,924,118,Debit Card,2025-08-17 05:15:07
925,925,62,UPI,2025-08-01 11:11:13
926,926,172,Debit Card,2025-07-07 04:23:28
927,927,805,NetBanking,2025-07-29 12:59:31
928,928,118,NetBanking,2025-07-04 00:47:34
929,929,402,Debit Card,2025-07-25 09:48:36
930,930,532,NetBanking,2025-08-19 10:44:07
931,931,123,Credit Card,2025-06-29 17:07:19
932,932,660,Debit Card,2025-08-11 11:05:20
933,933,445,NetBanking,2025-09-19 07:50:59
934,934,521,Debit Card,2025-08-13 14:43:42
935,935,441,UPI,2025-07-15 19:38:32
936,936,880,Debit Card,2025-08-28 11:24:23
937,937,660,NetBanking,2025-06-28 17:05:13
938,938,532,Debit Card,2025-07-09 09:10:51
939,939,144,Debit Card,2025-07-21 18:38:05
940,940,296,NetBanking,2025-08-24 02:59:37
941,941,396,UPI,2025-08-16 08:26:11
942,942,330,NetBanking,2025-09-06 05:53:24
943,943,299,Debit Card,2025-09-18 09:31:35
944,944,118,Debit Card,2025-08-06 08:19:40
945,945,934,NetBanking,2025-08-31 09:26:11
946,946,92,UPI,2025-08-04 08:31:04
947,947,50,Credit Card,2025-07-14 13:55:16
948,948,92,Credit Card,2025-09-03 11:32:46
949,949,760,Credit Card,2025-09-19 01:09:20
950,950,721,Credit Card,2025-08-23 08:23:26
951,951,334,Credit Card,2025-08-03 20:59:04
952,952,1056,Credit Card,2025-08-29 19:48:10
953,953,822,Credit Card,2025-09-06 08:43:44
954,954,58,UPI,2025-08-05 04:00:08
955,955,962,Credit Card,2025-08-07 10:58:58
956,956,773,UPI,2025-07-08 06:50:57
957,957,520,UPI,2025-09-15 22:35:44
958,958,703,Debit Card,2025-09-02 04:59:01
959,959,144,Debit Card,2025-07-17 14:56:38
960,960,446,Debit Card,2025-07-20 23:52:07
961,961,247,UPI,2025-07-10 07:19:08
962,962,247,Credit Card,2025-08-22 03:04:01
963,963,571,UPI,2025-07-21 03:02:50
964,964,92,UPI,2025-07-11 08:02:04
965,965,210,NetBanking,2025-08-22 19:13:37
966,966,446,NetBanking,2025-09-15 02:09:54
967,967,58,UPI,2025-07-25 05:54:32
968,968,1015,Debit Card,2025-09-13 02:06:52
969,969,150,UPI,2025-07-21 09:10:57
970,970,925,UPI,2025-08-21 06:58:32
971,971,326,Credit Card,2025-09-17 05:28:43
972,972,284,Debit Card,2025-08-05 06:32:14
973,973,210,Debit Card,2025-08-11 14:07:33
974,974,413,Debit Card,2025-08-09 17:46:02
975,975,708,NetBanking,2025-07-07 14:38:47
976,976,701,Credit Card,2025-08-19 17:26:18
977,977,402,NetBanking,2025-09-14 21:23:11
978,978,279,Debit Card,2025-07-28 14:33:42
979,979,501,NetBanking,2025-07-27 22:37:06
980,980,707,UPI,2025-08-07 06:38:54
981,981,894,Debit Card,2025-07-02 08:48:45
982,982,501,Credit Card,2025-07-24 11:30:42
983,983,588,Debit Card,2025-09-17 04:49:29
984,984,391,NetBanking,2025-07-31 20:08:01
985,985,894,Credit Card,2025-09-03 21:01:11
986,986,822,Credit Card,2025-08-30 19:39:06
987,987,711,Debit Card,2025-09-12 14:12:18
988,988,674,NetBanking,2025-07-21 10:51:55
989,989,1079,NetBanking,2025-07-13 03:24:28
990,990,536,NetBanking,2025-09-16 05:35:42
991,991,1039,NetBanking,2025-08-11 13:08:19
992,992,1015,Debit Card,2025-09-14 21:31:42
993,993,402,Credit Card,2025-08-26 17:54:10
994,994,529,UPI,2025-08-23 12:39:43
995,995,529,NetBanking,2025-06-26 01:08:53
996,996,805,Debit Card,2025-09-11 20:21:24
997,997,962,NetBanking,2025-07-07 11:03:42
998,998,529,Credit Card,2025-08-20 02:58:44
999,999,489,NetBanking,2025-09-18 17:20:02
1000,1000,50,UPI,2025-08-16 13:17:01
1001,1001,865,UPI,2025-06-26 18:24:20
1002,1002,247,Credit Card,2025-09-04 21:13:21
1003,1003,707,UPI,2025-09-08 05:39:19
1004,1004,601,Credit Card,2025-07-13 17:13:18
1005,1005,501,Debit Card,2025-07-18 07:39:47
1006,1006,529,Debit Card,2025-08-12 10:17:04
1007,1007,172,UPI,2025-08-23 02:41:52
1008,1008,626,NetBanking,2025-06-23 17:20:12
1009,1009,844,Debit Card,2025-08-23 21:48:35
1010,1010,395,Credit Card,2025-07-20 18:31:13
1011,1011,396,Debit Card,2025-07-04 17:51:39
1012,1012,446,UPI,2025-07-20 01:33:12
1013,1013,508,UPI,2025-08-06 09:54:27
1014,1014,953,Credit Card,2025-08-17 06:54:26
1015,1015,508,UPI,2025-09-13 19:15:25
1016,1016,485,NetBanking,2025-08-01 09:29:31
1017,1017,330,Credit Card,2025-06-26 05:17:08
1018,1018,355,NetBanking,2025-08-21 17:11:41
1019,1019,489,Debit Card,2025-06-24 01:55:57
1020,1020,1210,UPI,2025-08-31 11:42:42
1021,1021,144,UPI,2025-06-26 07:07:36
1022,1022,934,Debit Card,2025-08-16 18:49:59
1023,1023,367,UPI,2025-07-19 19:07:49
1024,1024,256,Credit Card,2025-06-22 23:47:15
1025,1025,304,NetBanking,2025-08-19 06:17:28
1026,1026,1039,UPI,2025-06-28 17:23:44
1027,1027,478,Debit Card,2025-08-01 07:17:56
1028,1028,241,Credit Card,2025-08-28 09:01:41
1029,1029,721,Debit Card,2025-07-26 22:58:50
1030,1030,494,UPI,2025-08-07 20:44:23
1031,1031,532,UPI,2025-07-14 12:00:58
1032,1032,477,NetBanking,2025-08-07 06:55:56
1033,1033,1210,NetBanking,2025-08-01 01:17:55
1034,1034,296,UPI,2025-07-04 22:27:56
1035,1035,62,Credit Card,2025-07-19 16:04:22
1036,1036,1220,UPI,2025-09-15 14:44:01
1037,1037,428,NetBanking,2025-07-08 14:50:41
1038,1038,1101,Credit Card,2025-07-31 10:36:05
1039,1039,50,UPI,2025-07-29 04:54:38
1040,1040,50,Credit Card,2025-08-28 15:55:47
1041,1041,1220,Debit Card,2025-09-05 09:12:05
1042,1042,226,Credit Card,2025-08-28 07:01:01
1043,1043,579,Credit Card,2025-09-10 02:29:12
1044,1044,501,UPI,2025-07-05 19:27:38
1045,1045,654,NetBanking,2025-07-04 18:07:00
1046,1046,73,Debit Card,2025-07-27 15:07:14
1047,1047,413,NetBanking,2025-07-17 23:31:24
1048,1048,292,NetBanking,2025-08-18 09:46:43
1049,1049,446,NetBanking,2025-07-06 09:16:15
1050,1050,299,Credit Card,2025-09-19 21:41:29
1051,1051,1267,UPI,2025-06-25 12:43:13
1052,1052,711,NetBanking,2025-07-13 02:06:35
1053,1053,174,UPI,2025-08-01 11:38:42
1054,1054,510,UPI,2025-09-05 08:32:39
1055,1055,241,NetBanking,2025-08-19 04:57:35
1056,1056,571,NetBanking,2025-07-14 15:59:21
1057,1057,334,UPI,2025-06-27 13:09:16
1058,1058,894,Debit Card,2025-08-18 08:47:23
1059,1059,648,UPI,2025-09-03 08:33:20
1060,1060,863,UPI,2025-06-30 17:54:59
1061,1061,155,Debit Card,2025-08-30 04:03:14
1062,1062,541,NetBanking,2025-07-18 13:07:57
1063,1063,1256,UPI,2025-09-19 15:29:31
1064,1064,676,UPI,2025-09-10 02:13:55
1065,1065,248,Credit Card,2025-08-22 18:57:42
1066,1066,445,NetBanking,2025-06-27 18:11:26
1067,1067,123,Credit Card,2025-09-18 03:56:21
1068,1068,210,UPI,2025-07-01 12:23:37
1069,1069,446,Credit Card,2025-08-26 02:29:53
1070,1070,564,Credit Card,2025-07-24 19:42:00
1071,1071,1220,Debit Card,2025-07-06 23:46:58
1072,1072,870,Credit Card,2025-08-06 09:20:51
1073,1073,763,Debit Card,2025-07-15 02:25:16
1074,1074,578,Credit Card,2025-07-02 00:54:13
1075,1075,497,Debit Card,2025-08-30 20:09:07
1076,1076,508,UPI,2025-07-03 19:08:22
1077,1077,330,Credit Card,2025-09-03 15:28:56
1078,1078,284,Debit Card,2025-08-05 02:48:27
1079,1079,428,Debit Card,2025-07-09 13:05:02
1080,1080,701,Credit Card,2025-09-09 20:43:45
1081,1081,445,Credit Card,2025-07-09 02:18:29
1082,1082,477,Credit Card,2025-07-30 04:08:43
1083,1083,880,Credit Card,2025-07-22 09:36:03
1084,1084,314,UPI,2025-09-18 16:27:26
1085,1085,531,Credit Card,2025-06-28 11:16:37
1086,1086,265,Debit Card,2025-07-17 05:50:11
1087,1087,477,NetBanking,2025-08-08 10:37:46
1088,1088,192,UPI,2025-09-14 05:13:11
1089,1089,73,Credit Card,2025-07-23 03:27:34
1090,1090,654,Credit Card,2025-08-01 20:30:29
1091,1091,50,Credit Card,2025-08-16 09:39:52
1092,1092,73,Debit Card,2025-09-06 12:51:19
1093,1093,489,Debit Card,2025-06-23 00:44:12
1094,1094,415,Credit Card,2025-09-15 20:15:27
1095,1095,155,Debit Card,2025-06-23 02:19:49
1096,1096,703,Credit Card,2025-08-22 05:57:09
1097,1097,174,Credit Card,2025-06-28 00:55:28
1098,1098,635,Credit Card,2025-08-11 01:21:00
1099,1099,937,NetBanking,2025-07-17 15:47:37
1100,1100,570,Debit Card,2025-07-04 15:25:31
1101,1101,50,Debit Card,2025-09-19 07:45:03
1102,1102,705,Credit Card,2025-08-20 02:17:57
1103,1103,711,Credit Card,2025-09-07 19:41:22
1104,1104,413,NetBanking,2025-07-13 23:12:30
1105,1105,326,UPI,2025-07-13 21:21:58
1106,1106,612,Debit Card,2025-07-24 23:45:24
1107,1107,174,NetBanking,2025-08-20 05:39:13
1108,1108,82,Debit Card,2025-08-12 04:11:12
1109,1109,711,NetBanking,2025-09-01 09:15:13
1110,1110,62,Debit Card,2025-07-18 11:43:10
1111,1111,707,NetBanking,2025-08-04 13:07:39
1112,1112,62,UPI,2025-09-07 10:50:22
1113,1113,564,Credit Card,2025-07-21 04:54:44
1114,1114,845,NetBanking,2025-07-07 14:51:29
1115,1115,648,Debit Card,2025-07-07 03:52:35
1116,1116,92,Credit Card,2025-08-16 06:58:23
1117,1117,224,Credit Card,2025-08-13 15:46:55
1118,1118,144,Debit Card,2025-08-22 03:54:12
1119,1119,485,Debit Card,2025-07-15 15:21:18
1120,1120,937,UPI,2025-09-10 11:40:42
1121,1121,446,Debit Card,2025-09-07 07:08:51
1122,1122,975,Debit Card,2025-09-03 21:23:01
1123,1123,975,Credit Card,2025-08-23 02:05:21
1124,1124,386,Credit Card,2025-09-03 01:25:48
1125,1125,909,Debit Card,2025-07-23 01:40:45
1126,1126,446,Debit Card,2025-08-20 12:56:43
1127,1127,509,UPI,2025-08-01 11:00:52
1128,1128,1326,Debit Card,2025-08-27 12:28:41
1129,1129,50,Debit Card,2025-08-01 14:44:22
1130,1130,822,NetBanking,2025-09-18 02:02:34
1131,1131,884,UPI,2025-08-28 17:18:13
1132,1132,192,NetBanking,2025-08-07 20:10:01
1133,1133,822,UPI,2025-09-06 23:27:32
1134,1134,62,Debit Card,2025-08-07 20:32:22
1135,1135,660,NetBanking,2025-09-07 09:36:47
1136,1136,760,UPI,2025-06-30 18:45:57
1137,1137,391,UPI,2025-07-26 11:19:18
1138,1138,865,Debit Card,2025-07-16 16:47:15
1139,1139,1058,Credit Card,2025-09-13 14:06:09
1140,1140,413,UPI,2025-08-18 01:27:56
1141,1141,241,UPI,2025-06-23 21:33:25
1142,1142,775,Debit Card,2025-09-06 18:31:40
1143,1143,937,Credit Card,2025-07-08 05:09:32
1144,1144,50,Credit Card,2025-07-08 16:07:44
1145,1145,1256,Credit Card,2025-08-02 11:58:07
1146,1146,226,NetBanking,2025-09-04 09:02:33
1147,1147,822,UPI,2025-09-18 09:31:01
1148,1148,446,Credit Card,2025-07-07 01:59:57
1149,1149,199,NetBanking,2025-09-02 03:35:22
1150,1150,494,Credit Card,2025-07-21 18:28:57
1151,1151,623,NetBanking,2025-08-06 04:48:08
1152,1152,934,Credit Card,2025-08-31 14:09:55
1153,1153,934,Credit Card,2025-09-05 19:26:24
1154,1154,265,UPI,2025-07-14 14:47:17
1155,1155,805,UPI,2025-07-31 18:40:50
1156,1156,210,Credit Card,2025-07-23 20:35:05
1157,1157,1015,UPI,2025-06-23 16:12:48
1158,1158,355,UPI,2025-06-26 17:11:01
1159,1159,760,NetBanking,2025-08-30 14:05:51
1160,1160,1460,UPI,2025-07-11 15:55:59
1161,1161,805,NetBanking,2025-07-05 16:20:24
1162,1162,674,UPI,2025-08-19 05:18:09
1163,1163,1101,NetBanking,2025-08-15 13:43:10
1164,1164,805,UPI,2025-06-23 22:03:19
1165,1165,418,NetBanking,2025-08-16 08:24:52
1166,1166,278,UPI,2025-06-25 18:15:31
1167,1167,564,Debit Card,2025-08-29 01:20:29
1168,1168,1210,Debit Card,2025-08-22 20:14:58
1169,1169,73,Debit Card,2025-06-27 03:15:48
1170,1170,1015,Credit Card,2025-08-02 13:28:05
1171,1171,599,UPI,2025-07-21 17:10:50
1172,1172,50,NetBanking,2025-09-11 01:00:52
1173,1173,199,NetBanking,2025-08-05 01:59:58
1174,1174,763,NetBanking,2025-07-31 11:53:40
1175,1175,1460,UPI,2025-06-28 05:47:34
1176,1176,470,NetBanking,2025-09-13 03:53:08
1177,1177,70,NetBanking,2025-09-11 19:32:51
1178,1178,62,NetBanking,2025-08-23 22:28:17
1179,1179,70,NetBanking,2025-07-22 14:38:21
1180,1180,623,Debit Card,2025-07-21 15:00:57
1181,1181,470,Debit Card,2025-07-06 22:31:48
1182,1182,50,NetBanking,2025-08-04 02:34:01
1183,1183,58,NetBanking,2025-08-09 12:52:38
1184,1184,932,Credit Card,2025-08-08 03:29:23
1185,1185,489,Debit Card,2025-07-16 08:43:58
1186,1186,446,UPI,2025-09-11 09:51:45
1187,1187,570,NetBanking,2025-09-01 08:31:57
1188,1188,571,Debit Card,2025-08-29 20:25:07
1189,1189,654,NetBanking,2025-07-23 17:12:42
1190,1190,50,UPI,2025-07-22 05:04:37
1191,1191,1015,Credit Card,2025-07-17 07:56:33
1192,1192,489,NetBanking,2025-08-24 22:43:34
1193,1193,199,Debit Card,2025-06-27 13:41:43
1194,1194,1079,Debit Card,2025-08-30 13:17:07
1195,1195,975,Debit Card,2025-09-19 01:56:46
1196,1196,520,Debit Card,2025-07-19 14:20:00
1197,1197,805,Credit Card,2025-07-09 23:14:44
1198,1198,487,Credit Card,2025-08-23 10:19:04
1199,1199,1079,NetBanking,2025-07-16 00:37:51
1200,1200,314,NetBanking,2025-07-04 15:15:21
1201,1201,367,Debit Card,2025-07-30 02:49:38
1202,1202,660,UPI,2025-08-21 18:07:05
1203,1203,576,UPI,2025-08-08 04:03:58
1204,1204,446,Debit Card,2025-08-19 13:04:06
1205,1205,763,Credit Card,2025-07-05 12:06:39
1206,1206,355,NetBanking,2025-08-31 19:00:29
1207,1207,458,NetBanking,2025-08-29 03:21:41
1208,1208,326,Debit Card,2025-09-02 06:06:06
1209,1209,150,UPI,2025-06-27 18:08:40
1210,1210,458,UPI,2025-09-01 14:11:15
1211,1211,299,Debit Card,2025-08-03 13:32:41
1212,1212,415,Debit Card,2025-08-03 04:30:19
1213,1213,975,NetBanking,2025-07-27 18:42:43
1214,1214,721,NetBanking,2025-09-08 13:22:12
1215,1215,192,NetBanking,2025-09-13 06:42:30
1216,1216,1267,NetBanking,2025-07-17 10:54:37
1217,1217,309,Debit Card,2025-08-16 05:06:29
1218,1218,396,NetBanking,2025-07-13 07:44:14
1219,1219,309,Credit Card,2025-08-21 23:24:13
1220,1220,1058,UPI,2025-07-11 00:04:22
1221,1221,510,Credit Card,2025-07-21 06:40:37
1222,1222,571,Credit Card,2025-07-14 06:18:11
1223,1223,705,UPI,2025-08-27 07:11:12
1224,1224,489,NetBanking,2025-08-16 21:08:24
1225,1225,1101,UPI,2025-07-30 14:15:23
1226,1226,700,Debit Card,2025-08-18 13:56:45
1227,1227,155,Debit Card,2025-06-23 06:34:24
1228,1228,953,NetBanking,2025-07-18 07:58:02
1229,1229,612,Debit Card,2025-07-23 04:20:15
1230,1230,572,NetBanking,2025-09-12 18:56:31
1231,1231,626,NetBanking,2025-07-12 19:04:10
1232,1232,572,Credit Card,2025-09-01 11:31:33
1233,1233,445,UPI,2025-09-05 22:30:45
1234,1234,396,Debit Card,2025-08-26 18:41:02
1235,1235,367,UPI,2025-08-18 12:13:19
1236,1236,711,UPI,2025-09-13 17:05:08
1237,1237,58,NetBanking,2025-07-09 07:37:02
1238,1238,50,Credit Card,2025-09-06 14:27:26
1239,1239,805,Debit Card,2025-08-27 05:28:14
1240,1240,612,UPI,2025-07-25 16:32:34
1241,1241,925,UPI,2025-07-08 03:04:23
1242,1242,73,UPI,2025-08-10 10:16:19
1243,1243,941,Debit Card,2025-08-06 04:54:48
1244,1244,932,UPI,2025-08-15 09:18:52
1245,1245,610,NetBanking,2025-08-28 00:30:41
1246,1246,579,Credit Card,2025-07-13 23:47:13
1247,1247,541,Credit Card,2025-07-24 23:52:29
1248,1248,880,NetBanking,2025-08-05 22:26:13
1249,1249,599,UPI,2025-07-11 04:36:55
1250,1250,894,NetBanking,2025-07-16 21:53:22
1251,1251,237,Debit Card,2025-09-10 22:34:19
1252,1252,144,Debit Card,2025-09-07 04:21:36
1253,1253,635,UPI,2025-09-10 12:13:25
1254,1254,314,Debit Card,2025-08-10 10:36:28
1255,1255,73,UPI,2025-07-01 17:11:02
1256,1256,395,NetBanking,2025-09-16 06:04:58
1257,1257,355,UPI,2025-07-13 16:04:29
1258,1258,1220,UPI,2025-07-15 13:25:10
1259,1259,239,UPI,2025-06-23 12:57:55
1260,1260,1079,Debit Card,2025-08-07 22:42:30
1261,1261,326,Debit Card,2025-07-14 06:32:45
1262,1262,1281,UPI,2025-07-18 14:04:52
1263,1263,309,Debit Card,2025-07-25 18:56:31
1264,1264,413,Debit Card,2025-07-16 20:56:58
1265,1265,477,Debit Card,2025-08-22 12:39:52
1266,1266,458,NetBanking,2025-09-17 23:27:29
1267,1267,1056,NetBanking,2025-09-11 12:44:02
1268,1268,521,Credit Card,2025-08-26 09:42:58
1269,1269,711,UPI,2025-07-12 13:48:35
1270,1270,224,Credit Card,2025-06-26 10:26:28
1271,1271,265,NetBanking,2025-07-09 00:04:40
1272,1272,192,Debit Card,2025-07-14 23:25:54
1273,1273,703,UPI,2025-08-02 22:58:08
1274,1274,265,Credit Card,2025-07-22 02:05:35
1275,1275,144,NetBanking,2025-07-01 15:52:17
1276,1276,623,NetBanking,2025-09-12 03:11:18
1277,1277,601,UPI,2025-07-09 21:48:00
1278,1278,527,Credit Card,2025-07-06 06:45:02
1279,1279,470,NetBanking,2025-07-20 01:53:40
1280,1280,355,NetBanking,2025-09-03 03:24:44
1281,1281,845,Debit Card,2025-08-07 12:49:12
1282,1282,330,UPI,2025-07-16 02:01:26
1283,1283,478,Debit Card,2025-06-24 21:04:14
1284,1284,487,UPI,2025-08-22 23:10:02
1285,1285,418,Credit Card,2025-08-16 17:40:12
1286,1286,880,NetBanking,2025-08-13 03:14:13
1287,1287,501,Debit Card,2025-07-28 20:20:00
1288,1288,355,Debit Card,2025-07-10 08:41:39
1289,1289,962,Credit Card,2025-08-30 09:49:38
1290,1290,654,UPI,2025-09-09 08:06:38
1291,1291,1267,UPI,2025-08-05 04:21:11
1292,1292,82,NetBanking,2025-07-07 02:21:01
1293,1293,396,Debit Card,2025-06-27 23:14:32
1294,1294,489,UPI,2025-07-15 19:48:57
1295,1295,485,UPI,2025-07-14 19:05:03
1296,1296,863,NetBanking,2025-07-25 12:13:41
1297,1297,532,UPI,2025-06-26 23:56:21
1298,1298,884,Debit Card,2025-07-23 13:41:52
1299,1299,192,Debit Card,2025-09-18 07:13:34
1300,1300,470,Credit Card,2025-06-29 23:14:38
1301,1301,532,UPI,2025-07-30 20:00:04
1302,1302,721,Credit Card,2025-06-26 20:09:13
1303,1303,74,Debit Card,2025-07-04 07:32:05
1304,1304,571,UPI,2025-07-16 07:27:11
1305,1305,660,Debit Card,2025-09-09 20:12:17
1306,1306,279,NetBanking,2025-07-04 12:10:30
1307,1307,118,NetBanking,2025-07-23 15:01:48
1308,1308,278,Credit Card,2025-07-01 17:09:35
1309,1309,1101,UPI,2025-09-09 14:18:24
1310,1310,942,UPI,2025-06-24 22:30:12
1311,1311,599,Debit Card,2025-08-08 15:25:59
1312,1312,539,Debit Card,2025-08-29 15:19:41
1313,1313,210,UPI,2025-06-30 12:59:36
1314,1314,676,Credit Card,2025-07-27 16:45:31
1315,1315,50,Credit Card,2025-07-26 12:59:27
1316,1316,1058,NetBanking,2025-07-23 20:45:43
1317,1317,62,Credit Card,2025-08-12 19:29:43
1318,1318,626,UPI,2025-09-13 05:00:07
1319,1319,279,NetBanking,2025-08-09 22:37:57
1320,1320,487,Debit Card,2025-06-27 13:16:44
1321,1321,763,NetBanking,2025-09-08 18:19:46
1322,1322,953,NetBanking,2025-08-18 18:49:51
1323,1323,279,Debit Card,2025-07-17 22:19:00
1324,1324,470,NetBanking,2025-08-22 13:33:26
1325,1325,527,UPI,2025-08-28 11:11:45
1326,1326,489,Credit Card,2025-06-27 14:36:52
1327,1327,150,UPI,2025-07-18 08:57:55
1328,1328,314,NetBanking,2025-07-06 20:10:05
1329,1329,576,UPI,2025-07-06 10:01:37
1330,1330,932,Debit Card,2025-09-16 01:17:48
1331,1331,1056,NetBanking,2025-08-23 06:33:50
1332,1332,50,UPI,2025-09-09 15:48:21
1333,1333,192,Debit Card,2025-08-27 10:52:15
1334,1334,449,Debit Card,2025-08-26 11:55:21
1335,1335,501,UPI,2025-07-21 23:53:56
1336,1336,334,Credit Card,2025-07-25 08:44:48
1337,1337,508,Credit Card,2025-07-30 21:55:30
1338,1338,396,Credit Card,2025-07-21 10:01:40
1339,1339,123,UPI,2025-06-28 14:14:38
1340,1340,676,NetBanking,2025-06-29 13:59:59
1341,1341,539,UPI,2025-08-18 09:38:12
1342,1342,224,Debit Card,2025-08-21 01:08:31
1343,1343,707,UPI,2025-07-07 14:10:57
1344,1344,411,NetBanking,2025-07-28 07:13:10
1345,1345,386,Credit Card,2025-09-08 22:01:10
1346,1346,773,NetBanking,2025-07-28 23:16:42
1347,1347,520,UPI,2025-09-13 20:46:31
1348,1348,909,NetBanking,2025-06-30 19:04:41
1349,1349,763,Debit Card,2025-07-04 20:41:50
1350,1350,62,UPI,2025-07-23 03:18:05
1351,1351,155,Credit Card,2025-07-14 23:07:36
1352,1352,909,UPI,2025-08-10 23:00:19
1353,1353,284,UPI,2025-09-07 10:49:23
1354,1354,884,Credit Card,2025-09-08 21:38:37
1355,1355,50,Credit Card,2025-06-25 10:09:52
1356,1356,415,Debit Card,2025-08-08 19:18:09
1357,1357,536,NetBanking,2025-09-04 19:20:19
1358,1358,226,Credit Card,2025-08-11 15:40:53
1359,1359,547,Credit Card,2025-06-29 10:09:52
1360,1360,1326,Debit Card,2025-08-17 23:03:59
1361,1361,635,Debit Card,2025-06-30 09:52:42
1362,1362,635,Credit Card,2025-09-11 10:27:43
1363,1363,370,Debit Card,2025-07-16 16:46:18
1364,1364,707,Debit Card,2025-09-09 12:06:08
1365,1365,822,Credit Card,2025-09-01 14:41:10
1366,1366,320,UPI,2025-09-16 04:13:13
1367,1367,932,UPI,2025-07-25 11:46:54
1368,1368,865,UPI,2025-09-17 13:43:53
1369,1369,527,Credit Card,2025-06-24 01:07:32
1370,1370,446,NetBanking,2025-07-25 23:25:15
1371,1371,822,UPI,2025-08-30 22:38:11
1372,1372,265,Credit Card,2025-09-02 21:05:49
1373,1373,610,NetBanking,2025-07-13 14:23:00
1374,1374,870,NetBanking,2025-08-31 21:58:32
1375,1375,429,Credit Card,2025-08-27 08:44:47
1376,1376,497,NetBanking,2025-07-22 22:27:19
1377,1377,521,NetBanking,2025-08-20 05:25:52
1378,1378,334,Debit Card,2025-07-16 15:04:33
1379,1379,210,Credit Card,2025-09-03 06:42:57
1380,1380,698,Debit Card,2025-06-28 00:35:28
1381,1381,909,NetBanking,2025-08-20 06:41:10
1382,1382,255,Debit Card,2025-08-30 03:32:19
1383,1383,199,Credit Card,2025-09-14 07:19:02
1384,1384,144,UPI,2025-08-06 18:31:44
1385,1385,623,Debit Card,2025-07-02 17:32:13
1386,1386,367,Debit Card,2025-07-24 01:12:09
1387,1387,705,Credit Card,2025-08-28 06:37:22
1388,1388,601,Credit Card,2025-08-09 17:16:16
1389,1389,844,Credit Card,2025-09-13 02:16:43
1390,1390,370,Debit Card,2025-09-03 20:46:17
1391,1391,599,NetBanking,2025-07-22 18:42:41
1392,1392,118,Credit Card,2025-07-26 10:50:27
1393,1393,601,Credit Card,2025-08-09 08:07:34
1394,1394,309,Debit Card,2025-07-03 20:05:23
1395,1395,701,Debit Card,2025-09-16 08:00:06
1396,1396,210,Debit Card,2025-07-30 05:33:46
1397,1397,1056,Debit Card,2025-08-02 16:22:44
1398,1398,925,UPI,2025-09-07 01:10:20
1399,1399,520,UPI,2025-07-14 17:38:56
1400,1400,62,NetBanking,2025-07-08 00:43:32
1401,1401,865,NetBanking,2025-08-10 18:47:17
1402,1402,446,Credit Card,2025-08-22 21:38:26
1403,1403,541,UPI,2025-08-24 16:18:17
1404,1404,1101,NetBanking,2025-07-04 20:54:05
1405,1405,953,Credit Card,2025-07-18 02:04:46
1406,1406,255,NetBanking,2025-07-31 23:18:35
1407,1407,284,Credit Card,2025-07-15 21:32:59
1408,1408,508,Credit Card,2025-06-23 21:56:34
1409,1409,155,Debit Card,2025-09-11 23:00:45
1410,1410,485,Credit Card,2025-09-06 23:42:58
1411,1411,623,Debit Card,2025-08-02 14:10:43
1412,1412,601,Debit Card,2025-07-03 11:53:08
1413,1413,711,NetBanking,2025-09-02 12:10:23
1414,1414,674,Credit Card,2025-07-31 03:18:19
1415,1415,428,UPI,2025-07-05 18:25:13
1416,1416,50,Credit Card,2025-09-12 01:59:29
1417,1417,783,UPI,2025-09-12 00:39:29
1418,1418,676,Debit Card,2025-06-29 23:11:25
1419,1419,571,NetBanking,2025-08-26 02:33:32
1420,1420,510,Debit Card,2025-08-26 04:49:42
1421,1421,477,Debit Card,2025-09-14 11:27:57
1422,1422,510,Credit Card,2025-08-13 21:53:28
1423,1423,510,UPI,2025-08-24 11:56:55
1424,1424,50,UPI,2025-07-27 04:25:26
1425,1425,934,UPI,2025-09-16 06:30:42
1426,1426,711,NetBanking,2025-08-30 21:45:08
1427,1427,316,Debit Card,2025-08-02 03:06:50
1428,1428,328,Debit Card,2025-07-15 21:15:03
1429,1429,932,UPI,2025-07-22 13:30:18
1430,1430,446,UPI,2025-07-04 19:09:46
1431,1431,775,Debit Card,2025-06-22 22:15:42
1432,1432,928,UPI,2025-09-14 22:46:32
1433,1433,428,UPI,2025-09-05 20:09:14
1434,1434,150,NetBanking,2025-06-22 04:27:01
1435,1435,763,Credit Card,2025-08-05 13:33:19
1436,1436,707,UPI,2025-08-03 13:30:03
1437,1437,489,NetBanking,2025-06-29 08:23:17
1438,1438,845,Credit Card,2025-07-22 05:02:00
1439,1439,413,NetBanking,2025-06-26 15:17:58
1440,1440,1039,NetBanking,2025-07-20 11:21:19
1441,1441,705,Debit Card,2025-07-06 04:21:23
1442,1442,334,Debit Card,2025-06-27 19:23:15
1443,1443,578,Credit Card,2025-07-22 03:08:40
1444,1444,610,Credit Card,2025-08-19 06:12:45
1445,1445,458,NetBanking,2025-08-15 10:19:46
1446,1446,1460,Credit Card,2025-08-25 04:12:26
1447,1447,172,Debit Card,2025-07-29 11:28:40
1448,1448,82,Debit Card,2025-08-09 13:33:59
1449,1449,470,UPI,2025-09-08 04:18:02
1450,1450,155,Debit Card,2025-07-26 23:52:25
1451,1451,601,UPI,2025-08-25 05:28:48
1452,1452,501,UPI,2025-08-24 19:17:13
1453,1453,529,NetBanking,2025-08-01 22:00:56
1454,1454,445,Credit Card,2025-08-18 08:19:54
1455,1455,92,Debit Card,2025-08-04 05:14:02
1456,1456,415,UPI,2025-08-05 08:59:08
1457,1457,70,Debit Card,2025-09-15 17:07:00
1458,1458,1220,Credit Card,2025-06-29 02:45:56
1459,1459,648,UPI,2025-07-21 09:20:03
1460,1460,588,Credit Card,2025-07-10 05:16:01
1461,1461,314,Debit Card,2025-08-27 23:47:44
1462,1462,953,Debit Card,2025-07-12 19:35:13
1463,1463,74,UPI,2025-08-28 18:40:51
1464,1464,386,Debit Card,2025-08-02 11:09:57
1465,1465,395,NetBanking,2025-06-24 05:12:36
1466,1466,489,NetBanking,2025-09-18 09:10:56
1467,1467,239,UPI,2025-08-10 04:04:27
1468,1468,925,NetBanking,2025-06-26 23:33:08
1469,1469,539,NetBanking,2025-09-02 00:07:52
1470,1470,446,Debit Card,2025-09-04 02:17:09
1471,1471,314,NetBanking,2025-08-18 17:47:52
1472,1472,429,NetBanking,2025-06-25 18:57:28
1473,1473,118,UPI,2025-07-02 07:03:34
1474,1474,489,Debit Card,2025-06-26 01:06:34
1475,1475,1281,Credit Card,2025-06-29 00:58:14
1476,1476,58,Credit Card,2025-09-18 20:18:14
1477,1477,489,Credit Card,2025-07-19 15:10:07
1478,1478,783,Credit Card,2025-09-04 02:39:21
1479,1479,1460,Credit Card,2025-09-03 19:09:11
1480,1480,123,Credit Card,2025-08-01 13:09:57
1481,1481,676,UPI,2025-09-01 03:17:58
1482,1482,601,Credit Card,2025-07-01 00:55:59
1483,1483,256,UPI,2025-09-12 14:46:50
1484,1484,909,NetBanking,2025-06-26 13:46:17
1485,1485,698,NetBanking,2025-09-01 12:22:20
1486,1486,941,Debit Card,2025-07-13 20:21:08
1487,1487,446,Credit Card,2025-08-19 17:31:34
1488,1488,539,Credit Card,2025-07-06 02:37:45
1489,1489,773,UPI,2025-08-08 22:05:15
1490,1490,1058,Debit Card,2025-09-10 17:30:08
1491,1491,1058,Debit Card,2025-08-10 04:18:29
1492,1492,485,NetBanking,2025-08-11 06:52:14
1493,1493,1281,UPI,2025-08-09 12:46:01
1494,1494,314,Credit Card,2025-08-15 21:37:04
1495,1495,415,UPI,2025-07-01 11:09:05
1496,1496,863,NetBanking,2025-08-13 05:30:47
1497,1497,174,Credit Card,2025-08-18 13:46:21
1498,1498,489,UPI,2025-07-12 04:03:56
1499,1499,571,Credit Card,2025-06-25 05:00:25
1500,1500,705,Credit Card,2025-07-19 22:53:16
1501,1501,579,UPI,2025-09-07 13:59:10
1502,1502,466,Debit Card,2025-09-16 12:39:03
1503,1503,941,UPI,2025-07-29 02:52:44
1504,1504,237,NetBanking,2025-08-24 12:10:03
1505,1505,248,Debit Card,2025-07-03 03:06:04
1506,1506,446,Credit Card,2025-07-29 07:18:10
1507,1507,932,Credit Card,2025-07-15 09:12:35
1508,1508,564,NetBanking,2025-08-14 02:36:36
1509,1509,1460,Debit Card,2025-08-11 01:20:05
1510,1510,279,Credit Card,2025-07-03 16:12:20
1511,1511,1326,Credit Card,2025-07-31 21:06:21
1512,1512,863,Credit Card,2025-08-10 00:37:50
1513,1513,320,Debit Card,2025-08-06 05:09:43
1514,1514,391,NetBanking,2025-08-29 06:51:43
1515,1515,571,UPI,2025-08-13 16:46:38
1516,1516,660,UPI,2025-09-01 04:21:18
1517,1517,50,Credit Card,2025-07-26 22:49:43
1518,1518,623,NetBanking,2025-06-30 02:09:36
1519,1519,1281,Credit Card,2025-08-12 09:35:55
1520,1520,509,Debit Card,2025-09-09 05:59:18
1521,1521,58,Debit Card,2025-08-27 02:04:11
1522,1522,711,Credit Card,2025-07-26 14:41:59
1523,1523,50,NetBanking,2025-08-01 11:54:18
1524,1524,316,NetBanking,2025-08-18 14:23:32
1525,1525,255,Credit Card,2025-06-26 21:26:32
1526,1526,50,Credit Card,2025-07-26 19:41:03
1527,1527,932,NetBanking,2025-08-21 04:54:06
1528,1528,370,NetBanking,2025-06-25 07:24:55
1529,1529,541,NetBanking,2025-08-25 20:34:57
1530,1530,314,NetBanking,2025-08-18 12:49:27
1531,1531,192,Debit Card,2025-07-29 19:31:13
1532,1532,844,Credit Card,2025-07-24 01:34:09
1533,1533,1015,Credit Card,2025-07-30 01:38:49
1534,1534,1079,Credit Card,2025-09-03 15:13:03
1535,1535,284,UPI,2025-08-15 08:16:40
1536,1536,237,UPI,2025-08-13 02:19:55
1537,1537,466,NetBanking,2025-09-03 21:57:16
1538,1538,192,Debit Card,2025-07-07 09:10:12
1539,1539,247,UPI,2025-07-28 05:44:27
1540,1540,1256,Credit Card,2025-08-07 19:12:04
1541,1541,418,UPI,2025-07-09 21:52:46
1542,1542,863,Debit Card,2025-08-11 14:59:09
1543,1543,1210,Debit Card,2025-06-25 08:33:46
1544,1544,953,NetBanking,2025-06-23 14:40:37
1545,1545,446,Credit Card,2025-08-07 22:34:49
1546,1546,70,Credit Card,2025-07-07 06:43:36
1547,1547,822,NetBanking,2025-08-30 09:32:52
1548,1548,844,NetBanking,2025-08-08 13:26:22
1549,1549,703,Debit Card,2025-07-07 05:29:27
1550,1550,674,Credit Card,2025-09-10 13:24:18
1551,1551,953,UPI,2025-06-22 09:44:39
1552,1552,578,UPI,2025-08-31 20:01:39
1553,1553,1210,Credit Card,2025-08-22 03:40:28
1554,1554,320,UPI,2025-08-14 13:13:14
1555,1555,571,NetBanking,2025-07-02 15:07:22
1556,1556,279,NetBanking,2025-08-26 00:23:50
1557,1557,775,Debit Card,2025-08-25 09:53:57
1558,1558,937,UPI,2025-09-13 01:00:01
1559,1559,853,UPI,2025-07-20 10:21:10
1560,1560,150,Debit Card,2025-08-04 19:41:25
1561,1561,880,UPI,2025-07-06 04:40:24
1562,1562,975,UPI,2025-08-22 05:27:14
1563,1563,92,NetBanking,2025-07-10 20:36:50
1564,1564,219,Debit Card,2025-08-05 10:13:05
1565,1565,529,NetBanking,2025-07-12 04:01:39
1566,1566,226,UPI,2025-07-26 12:01:47
1567,1567,428,NetBanking,2025-08-01 11:11:15
1568,1568,485,UPI,2025-07-19 23:49:51
1569,1569,721,UPI,2025-06-23 08:05:59
1570,1570,928,Debit Card,2025-08-06 03:29:59
1571,1571,775,NetBanking,2025-08-11 05:05:04
1572,1572,635,NetBanking,2025-07-13 03:31:50
1573,1573,601,UPI,2025-08-31 06:43:26
1574,1574,371,NetBanking,2025-08-31 05:19:00
1575,1575,623,Credit Card,2025-08-30 01:07:21
1576,1576,1210,UPI,2025-09-05 00:10:33
1577,1577,623,Debit Card,2025-06-24 00:34:01
1578,1578,644,UPI,2025-08-12 03:57:13
1579,1579,1267,UPI,2025-07-13 04:17:17
1580,1580,705,NetBanking,2025-06-26 20:18:29
1581,1581,150,NetBanking,2025-09-04 08:11:12
1582,1582,928,Debit Card,2025-07-30 18:50:49
1583,1583,50,Credit Card,2025-08-19 13:56:28
1584,1584,700,UPI,2025-08-04 03:38:24
1585,1585,428,Debit Card,2025-09-15 02:28:10
1586,1586,326,UPI,2025-08-11 13:18:38
1587,1587,58,Debit Card,2025-09-03 12:01:07
1588,1588,783,Debit Card,2025-08-19 07:04:13
1589,1589,210,Debit Card,2025-08-17 00:20:44
1590,1590,1015,NetBanking,2025-08-22 10:57:14
1591,1591,466,Credit Card,2025-08-16 16:13:06
1592,1592,601,NetBanking,2025-07-28 18:57:41
1593,1593,441,Credit Card,2025-07-02 06:12:03
1594,1594,446,Credit Card,2025-08-23 03:07:28
1595,1595,367,Credit Card,2025-07-16 18:01:18
1596,1596,510,Credit Card,2025-07-25 14:18:08
1597,1597,334,UPI,2025-07-19 01:21:41
1598,1598,822,Debit Card,2025-08-19 08:20:48
1599,1599,711,Debit Card,2025-08-14 19:03:25
1600,1600,870,UPI,2025-07-11 03:53:23
1601,1601,932,NetBanking,2025-07-31 04:06:20
1602,1602,654,Credit Card,2025-08-05 02:12:46
1603,1603,510,UPI,2025-09-16 22:55:03
1604,1604,601,UPI,2025-06-29 08:21:44
1605,1605,144,NetBanking,2025-07-17 18:29:07
1606,1606,962,NetBanking,2025-07-29 20:28:42
1607,1607,429,Debit Card,2025-08-07 21:31:17
1608,1608,775,UPI,2025-07-17 09:45:05
1609,1609,355,NetBanking,2025-08-15 20:47:54
1610,1610,547,Credit Card,2025-06-25 06:00:42
1611,1611,50,Debit Card,2025-08-03 03:21:13
1612,1612,509,NetBanking,2025-07-28 09:45:29
1613,1613,316,Debit Card,2025-08-12 07:58:23
1614,1614,330,Debit Card,2025-08-11 12:12:04
1615,1615,909,Credit Card,2025-08-31 20:06:09
1616,1616,512,Credit Card,2025-08-01 14:11:17
1617,1617,58,NetBanking,2025-08-04 08:07:59
1618,1618,863,Debit Card,2025-07-28 12:32:27
1619,1619,241,Credit Card,2025-06-28 03:03:41
1620,1620,612,UPI,2025-09-14 06:25:11
1621,1621,975,Debit Card,2025-08-15 13:06:43
1622,1622,773,NetBanking,2025-07-24 03:03:57
1623,1623,520,UPI,2025-09-04 03:17:14
1624,1624,635,Debit Card,2025-08-08 12:06:14
1625,1625,654,Credit Card,2025-09-16 06:22:40
1626,1626,1056,Debit Card,2025-07-01 05:32:58
1627,1627,247,Credit Card,2025-06-30 07:10:20
1628,1628,844,Credit Card,2025-08-02 04:00:42
1629,1629,775,Credit Card,2025-07-21 02:10:43
1630,1630,299,UPI,2025-07-26 00:31:55
1631,1631,1015,Credit Card,2025-08-02 21:18:53
1632,1632,1056,Debit Card,2025-06-26 03:19:51
1633,1633,1210,Debit Card,2025-07-26 08:42:31
1634,1634,822,Credit Card,2025-08-25 22:21:57
1635,1635,82,Credit Card,2025-08-19 03:17:43
1636,1636,962,UPI,2025-09-07 07:42:09
1637,1637,470,NetBanking,2025-07-27 13:23:13
1638,1638,396,Credit Card,2025-09-09 03:17:56
1639,1639,445,NetBanking,2025-07-31 05:16:58
1640,1640,326,UPI,2025-07-12 13:17:19
1641,1641,192,NetBanking,2025-07-21 19:07:27
1642,1642,413,Credit Card,2025-07-16 03:00:31
1643,1643,863,UPI,2025-09-19 16:18:39
1644,1644,413,UPI,2025-09-02 02:51:18
1645,1645,529,NetBanking,2025-06-30 03:03:31
1646,1646,199,UPI,2025-08-09 01:16:08
1647,1647,934,Debit Card,2025-06-26 17:09:05
1648,1648,1079,UPI,2025-09-18 18:58:05
1649,1649,446,NetBanking,2025-08-21 21:40:24
1650,1650,62,NetBanking,2025-08-24 09:38:19
1651,1651,760,Credit Card,2025-08-03 04:43:49
1652,1652,330,NetBanking,2025-07-12 09:19:05
1653,1653,1210,Credit Card,2025-08-18 05:24:50
1654,1654,532,NetBanking,2025-07-06 22:20:32
1655,1655,58,UPI,2025-06-23 13:29:26
1656,1656,805,UPI,2025-08-30 13:05:48
1657,1657,760,Credit Card,2025-06-25 16:23:08
1658,1658,721,UPI,2025-07-05 12:08:25
1659,1659,50,NetBanking,2025-07-25 01:05:03
1660,1660,1056,NetBanking,2025-08-12 09:36:30
1661,1661,299,Credit Card,2025-09-11 21:32:47
1662,1662,1281,NetBanking,2025-07-25 17:47:31
1663,1663,118,UPI,2025-08-02 09:40:19
1664,1664,247,NetBanking,2025-07-24 06:07:04
1665,1665,884,Credit Card,2025-09-03 03:15:13
1666,1666,532,NetBanking,2025-09-06 12:03:59
1667,1667,367,Credit Card,2025-07-12 17:16:52
1668,1668,480,NetBanking,2025-07-15 03:27:09
1669,1669,411,Credit Card,2025-09-04 05:32:47
1670,1670,320,NetBanking,2025-08-06 09:42:06
1671,1671,635,UPI,2025-08-29 12:44:51
1672,1672,415,Credit Card,2025-08-07 00:18:29
1673,1673,822,Credit Card,2025-08-07 01:41:41
1674,1674,58,Debit Card,2025-09-07 04:29:56
1675,1675,783,Credit Card,2025-07-15 16:54:55
1676,1676,445,NetBanking,2025-06-23 12:32:04
1677,1677,50,NetBanking,2025-08-26 10:29:45
1678,1678,822,UPI,2025-07-11 12:04:58
1679,1679,623,Debit Card,2025-07-01 21:11:36
1680,1680,62,NetBanking,2025-07-28 04:44:20
1681,1681,237,Credit Card,2025-08-09 02:02:01
1682,1682,934,UPI,2025-08-27 03:31:59
1683,1683,367,UPI,2025-08-15 03:57:56
1684,1684,576,NetBanking,2025-08-07 01:39:16
1685,1685,532,Debit Card,2025-07-02 11:38:40
1686,1686,314,NetBanking,2025-08-18 22:28:24
1687,1687,571,Credit Card,2025-09-05 08:31:28
1688,1688,386,Credit Card,2025-07-07 16:51:50
1689,1689,265,Debit Card,2025-09-11 03:13:02
1690,1690,1210,Credit Card,2025-08-01 18:34:55
1691,1691,870,NetBanking,2025-07-02 16:31:12
1692,1692,571,Credit Card,2025-07-28 11:22:39
1693,1693,510,Debit Card,2025-07-19 13:40:24
1694,1694,975,NetBanking,2025-08-14 09:06:07
1695,1695,309,UPI,2025-08-07 00:14:52
1696,1696,239,NetBanking,2025-08-26 05:18:04
1697,1697,648,Credit Card,2025-07-06 16:19:25
1698,1698,299,UPI,2025-06-23 15:59:58
1699,1699,446,Credit Card,2025-09-12 08:12:21
1700,1700,309,NetBanking,2025-07-02 21:58:56
1701,1701,648,Debit Card,2025-07-05 22:53:48
1702,1702,937,NetBanking,2025-07-17 19:47:39
1703,1703,316,UPI,2025-08-25 08:46:02
1704,1704,50,Debit Card,2025-06-27 11:27:30
1705,1705,805,Credit Card,2025-07-05 06:34:38
1706,1706,705,UPI,2025-07-28 15:03:24
1707,1707,1326,UPI,2025-09-09 13:35:08
1708,1708,241,NetBanking,2025-07-20 11:12:21
1709,1709,326,Credit Card,2025-07-24 00:14:26
1710,1710,446,Debit Card,2025-07-23 01:04:03
1711,1711,509,Credit Card,2025-06-24 11:38:41
1712,1712,623,Debit Card,2025-08-24 12:30:42
1713,1713,1210,NetBanking,2025-06-27 06:31:45
1714,1714,532,NetBanking,2025-07-25 22:19:23
1715,1715,485,Debit Card,2025-07-20 16:57:17
1716,1716,721,Credit Card,2025-08-18 11:57:26
1717,1717,74,NetBanking,2025-06-25 04:53:33
1718,1718,210,Debit Card,2025-08-10 11:46:52
1719,1719,470,NetBanking,2025-09-02 14:41:48
1720,1720,248,Credit Card,2025-08-30 08:37:24
1721,1721,539,UPI,2025-06-25 15:01:55
1722,1722,74,Debit Card,2025-08-25 12:11:42
1723,1723,536,Debit Card,2025-08-15 17:48:22
1724,1724,775,UPI,2025-08-17 18:13:48
1725,1725,386,NetBanking,2025-09-19 13:50:46
1726,1726,705,Debit Card,2025-08-14 12:46:59
1727,1727,265,NetBanking,2025-09-11 13:36:46
1728,1728,541,Credit Card,2025-07-12 23:59:15
1729,1729,423,Credit Card,2025-08-16 02:15:49
1730,1730,570,Debit Card,2025-09-12 19:17:23
1731,1731,623,Debit Card,2025-08-09 00:07:19
1732,1732,527,Debit Card,2025-07-30 14:29:01
1733,1733,429,Credit Card,2025-08-22 20:54:35
1734,1734,423,NetBanking,2025-08-05 19:35:20
1735,1735,62,NetBanking,2025-07-15 15:08:14
1736,1736,610,UPI,2025-08-11 01:14:07
1737,1737,510,NetBanking,2025-08-10 18:20:02
1738,1738,62,Credit Card,2025-08-07 08:01:43
1739,1739,853,UPI,2025-07-05 07:22:06
1740,1740,601,Credit Card,2025-07-22 07:13:20
1741,1741,937,NetBanking,2025-07-28 02:41:27
1742,1742,623,NetBanking,2025-07-01 11:21:26
1743,1743,700,Credit Card,2025-07-30 00:10:23
1744,1744,805,UPI,2025-07-12 03:38:13
1745,1745,760,NetBanking,2025-06-23 22:22:13
1746,1746,863,NetBanking,2025-07-11 12:48:41
1747,1747,50,Credit Card,2025-09-07 16:36:40
1748,1748,334,Credit Card,2025-09-07 01:38:30
1749,1749,564,Credit Card,2025-09-04 06:53:36
1750,1750,391,UPI,2025-07-19 14:20:47
1751,1751,1058,UPI,2025-07-16 02:22:35
1752,1752,82,NetBanking,2025-08-12 19:14:28
1753,1753,521,NetBanking,2025-07-13 07:49:58
1754,1754,623,Debit Card,2025-09-04 08:50:18
1755,1755,446,Debit Card,2025-08-26 16:09:36
1756,1756,698,Credit Card,2025-06-27 14:00:10
1757,1757,174,Credit Card,2025-06-24 23:06:08
1758,1758,247,Debit Card,2025-06-24 05:04:08
1759,1759,58,Credit Card,2025-08-17 04:25:44
1760,1760,707,Debit Card,2025-06-29 10:37:38
1761,1761,370,Debit Card,2025-07-20 23:58:22
1762,1762,320,NetBanking,2025-07-13 15:44:08
1763,1763,572,UPI,2025-07-22 02:09:57
1764,1764,50,UPI,2025-07-07 14:24:20
1765,1765,588,NetBanking,2025-08-20 03:14:19
1766,1766,445,Credit Card,2025-07-21 18:32:54
1767,1767,441,Debit Card,2025-08-21 05:09:02
1768,1768,70,NetBanking,2025-07-13 13:33:17
1769,1769,708,Credit Card,2025-06-23 05:07:18
1770,1770,413,Credit Card,2025-08-08 08:38:48
1771,1771,1056,Debit Card,2025-08-28 06:35:53
1772,1772,674,Debit Card,2025-08-30 17:51:12
1773,1773,241,Debit Card,2025-07-18 06:18:36
1774,1774,844,UPI,2025-07-02 09:58:07
1775,1775,532,Debit Card,2025-08-03 13:31:16
1776,1776,265,NetBanking,2025-08-16 03:22:51
1777,1777,601,Credit Card,2025-08-15 10:10:32
1778,1778,73,UPI,2025-08-23 02:45:44
1779,1779,884,Credit Card,2025-08-01 10:12:53
1780,1780,570,Credit Card,2025-07-22 20:40:00
1781,1781,73,Credit Card,2025-07-18 06:16:30
1782,1782,708,UPI,2025-08-01 04:12:40
1783,1783,466,Credit Card,2025-09-03 00:27:04
1784,1784,527,UPI,2025-07-29 01:26:44
1785,1785,367,Debit Card,2025-07-06 20:22:30
1786,1786,391,UPI,2025-08-10 09:42:31
1787,1787,1210,Debit Card,2025-08-21 15:18:06
1788,1788,446,NetBanking,2025-08-09 14:20:15
1789,1789,441,Debit Card,2025-08-28 21:07:22
1790,1790,1039,Debit Card,2025-07-10 19:26:43
1791,1791,292,NetBanking,2025-07-26 13:03:35
1792,1792,962,NetBanking,2025-07-01 12:51:28
1793,1793,564,NetBanking,2025-08-11 15:46:14
1794,1794,660,Debit Card,2025-08-19 13:14:36
1795,1795,489,Credit Card,2025-09-07 19:39:21
1796,1796,489,Debit Card,2025-07-28 12:05:49
1797,1797,576,NetBanking,2025-07-07 20:03:33
1798,1798,521,Credit Card,2025-07-06 12:55:45
1799,1799,309,Debit Card,2025-07-24 13:13:35
1800,1800,489,Debit Card,2025-07-07 16:06:32
1801,1801,822,Debit Card,2025-08-04 00:14:40
1802,1802,210,Credit Card,2025-09-05 12:41:25
1803,1803,601,NetBanking,2025-07-23 02:32:46
1804,1804,674,Credit Card,2025-08-22 19:58:09
1805,1805,150,Debit Card,2025-07-31 19:54:19
1806,1806,822,Debit Card,2025-06-27 08:29:12
1807,1807,174,NetBanking,2025-06-22 12:18:27
1808,1808,588,UPI,2025-07-08 15:18:58
1809,1809,512,Debit Card,2025-07-04 15:46:25
1810,1810,701,UPI,2025-07-16 18:01:25
1811,1811,50,NetBanking,2025-06-25 03:41:19
1812,1812,1056,Credit Card,2025-07-04 17:10:13
1813,1813,1281,NetBanking,2025-07-13 12:39:53
1814,1814,391,Credit Card,2025-09-17 01:49:31
1815,1815,863,UPI,2025-07-19 01:20:44
1816,1816,564,NetBanking,2025-06-25 22:13:48
1817,1817,50,Credit Card,2025-07-28 07:20:29
1818,1818,928,Debit Card,2025-07-29 13:44:04
1819,1819,884,UPI,2025-09-02 23:07:10
1820,1820,570,NetBanking,2025-08-06 13:31:10
1821,1821,446,NetBanking,2025-08-04 12:00:18
1822,1822,123,Debit Card,2025-09-12 08:33:20
1823,1823,1281,Debit Card,2025-09-12 09:33:43
1824,1824,975,NetBanking,2025-07-01 19:16:30
1825,1825,942,NetBanking,2025-07-09 05:33:45
1826,1826,527,Debit Card,2025-07-26 04:30:04
1827,1827,1267,Debit Card,2025-06-29 03:34:29
1828,1828,278,UPI,2025-08-25 05:04:22
1829,1829,446,NetBanking,2025-07-27 00:59:12
1830,1830,299,Credit Card,2025-08-11 23:19:23
1831,1831,674,NetBanking,2025-08-15 20:42:12
1832,1832,292,Credit Card,2025-09-01 08:11:16
1833,1833,326,NetBanking,2025-06-26 20:49:24
1834,1834,941,Credit Card,2025-09-10 08:51:47
1835,1835,70,Credit Card,2025-07-17 05:00:50
1836,1836,415,Debit Card,2025-07-01 04:10:30
1837,1837,144,Credit Card,2025-09-19 16:51:28
1838,1838,571,UPI,2025-08-11 03:15:35
1839,1839,402,UPI,2025-09-12 11:19:53
1840,1840,466,NetBanking,2025-08-22 05:40:53
1841,1841,1256,UPI,2025-07-08 14:31:44
1842,1842,386,NetBanking,2025-09-04 20:22:11
1843,1843,172,UPI,2025-09-13 23:27:13
1844,1844,763,UPI,2025-08-10 11:11:59
1845,1845,445,UPI,2025-09-15 06:00:37
1846,1846,531,UPI,2025-09-18 16:58:00
1847,1847,870,NetBanking,2025-06-23 15:25:02
1848,1848,449,NetBanking,2025-07-24 18:52:01
1849,1849,428,NetBanking,2025-06-28 14:31:11
1850,1850,928,Debit Card,2025-08-01 01:23:01
1851,1851,316,NetBanking,2025-07-31 02:26:53
1852,1852,547,UPI,2025-08-02 10:06:54
1853,1853,610,Credit Card,2025-06-26 19:47:01
1854,1854,654,NetBanking,2025-08-29 18:46:23
1855,1855,937,UPI,2025-08-13 21:42:03
1856,1856,415,Credit Card,2025-09-07 23:17:05
1857,1857,571,UPI,2025-07-03 22:32:26
1858,1858,494,UPI,2025-09-12 08:35:22
1859,1859,578,UPI,2025-07-09 18:59:29
1860,1860,578,UPI,2025-07-13 05:20:37
1861,1861,292,Debit Card,2025-08-17 20:23:29
1862,1862,478,UPI,2025-07-04 20:57:55
1863,1863,494,UPI,2025-08-08 01:24:45
1864,1864,509,Debit Card,2025-08-12 13:14:53
1865,1865,612,Debit Card,2025-08-14 08:44:28
1866,1866,644,UPI,2025-07-20 11:49:41
1867,1867,654,UPI,2025-09-04 01:53:37
1868,1868,1326,Debit Card,2025-07-18 13:22:41
1869,1869,192,UPI,2025-08-08 22:32:35
1870,1870,50,NetBanking,2025-08-22 06:16:13
1871,1871,975,UPI,2025-08-20 21:40:11
1872,1872,599,UPI,2025-06-25 18:24:42
1873,1873,428,NetBanking,2025-08-17 11:55:57
1874,1874,707,Debit Card,2025-08-15 20:57:06
1875,1875,1210,Debit Card,2025-07-29 05:48:01
1876,1876,1267,UPI,2025-09-07 13:46:25
1877,1877,853,Debit Card,2025-07-10 10:30:43
1878,1878,224,UPI,2025-08-01 03:26:27
1879,1879,529,UPI,2025-06-30 00:10:32
1880,1880,445,Debit Card,2025-07-23 06:36:48
1881,1881,413,NetBanking,2025-07-05 09:50:49
1882,1882,50,Debit Card,2025-08-06 00:42:09
1883,1883,395,Credit Card,2025-07-29 07:54:13
1884,1884,508,UPI,2025-08-20 17:54:49
1885,1885,925,Debit Card,2025-07-23 15:35:43
1886,1886,265,Debit Card,2025-09-10 12:53:29
1887,1887,256,UPI,2025-08-14 04:20:48
1888,1888,708,Debit Card,2025-09-08 21:46:55
1889,1889,172,NetBanking,2025-09-08 15:42:47
1890,1890,527,UPI,2025-09-13 07:23:23
1891,1891,853,Debit Card,2025-09-13 12:58:04
1892,1892,1460,NetBanking,2025-07-19 06:19:27
1893,1893,284,NetBanking,2025-07-21 04:18:19
1894,1894,62,UPI,2025-07-21 13:11:10
1895,1895,541,NetBanking,2025-07-07 02:22:43
1896,1896,328,UPI,2025-06-23 05:20:08
1897,1897,932,Debit Card,2025-07-06 15:41:42
1898,1898,284,UPI,2025-07-07 08:47:40
1899,1899,571,Credit Card,2025-09-07 11:49:30
1900,1900,489,UPI,2025-07-17 05:27:34
1901,1901,863,Credit Card,2025-08-28 00:21:59
1902,1902,480,NetBanking,2025-08-14 23:55:29
1903,1903,210,NetBanking,2025-07-06 15:29:23
1904,1904,284,Credit Card,2025-07-16 10:43:18
1905,1905,612,Credit Card,2025-08-13 11:26:01
1906,1906,278,Debit Card,2025-08-13 03:22:46
1907,1907,304,UPI,2025-09-11 02:34:06
1908,1908,1079,NetBanking,2025-07-30 08:22:29
1909,1909,1015,NetBanking,2025-07-10 14:02:04
1910,1910,396,UPI,2025-08-31 03:24:32
1911,1911,822,NetBanking,2025-06-28 13:25:01
1912,1912,118,Debit Card,2025-07-15 13:07:50
1913,1913,480,UPI,2025-09-14 16:34:54
1914,1914,599,Credit Card,2025-08-05 18:30:13
1915,1915,395,NetBanking,2025-07-14 08:32:42
1916,1916,123,NetBanking,2025-08-05 09:17:00
1917,1917,355,Credit Card,2025-06-29 04:17:17
1918,1918,441,NetBanking,2025-07-21 03:14:14
1919,1919,648,NetBanking,2025-07-27 09:46:45
1920,1920,278,NetBanking,2025-06-26 10:34:24
1921,1921,441,UPI,2025-07-13 11:52:28
1922,1922,70,Credit Card,2025-06-29 17:44:10
1923,1923,626,Debit Card,2025-09-11 18:05:40
1924,1924,70,Debit Card,2025-09-11 23:33:23
1925,1925,73,Credit Card,2025-09-14 14:01:09
1926,1926,50,UPI,2025-07-02 13:26:48
1927,1927,367,Credit Card,2025-09-18 12:58:34
1928,1928,1056,Credit Card,2025-08-12 12:13:13
1929,1929,501,Credit Card,2025-06-25 17:26:22
1930,1930,588,UPI,2025-08-28 10:49:23
1931,1931,953,Credit Card,2025-07-06 20:20:32
1932,1932,711,UPI,2025-07-28 14:18:52
1933,1933,501,Debit Card,2025-08-26 09:00:34
1934,1934,304,Credit Card,2025-07-28 21:58:06
1935,1935,962,NetBanking,2025-08-22 06:40:01
1936,1936,571,Debit Card,2025-08-18 02:38:36
1937,1937,648,Credit Card,2025-09-08 07:10:36
1938,1938,489,Credit Card,2025-07-03 23:38:56
1939,1939,150,Credit Card,2025-09-19 05:29:23
1940,1940,330,Credit Card,2025-07-17 10:08:18
1941,1941,50,UPI,2025-09-06 07:43:38
1942,1942,571,UPI,2025-07-03 20:07:51
1943,1943,485,UPI,2025-08-19 14:46:04
1944,1944,1210,NetBanking,2025-09-04 16:30:55
1945,1945,521,Debit Card,2025-07-16 03:45:49
1946,1946,805,Debit Card,2025-08-26 14:30:52
1947,1947,50,Debit Card,2025-08-16 11:25:45
1948,1948,880,UPI,2025-07-31 03:06:09
1949,1949,489,UPI,2025-06-22 23:10:23
1950,1950,82,Debit Card,2025-07-29 06:16:06
1951,1951,1039,Debit Card,2025-06-30 07:48:16
1952,1952,50,Credit Card,2025-06-24 22:16:36
1953,1953,415,UPI,2025-07-17 16:18:01
1954,1954,320,Debit Card,2025-08-05 09:45:10
1955,1955,510,Debit Card,2025-09-05 21:18:09
1956,1956,320,NetBanking,2025-09-06 12:16:40
1957,1957,822,Debit Card,2025-06-30 04:37:00
1958,1958,237,Credit Card,2025-09-14 15:39:57
1959,1959,571,Debit Card,2025-08-09 10:33:23
1960,1960,82,Credit Card,2025-08-16 05:30:57
1961,1961,192,UPI,2025-09-10 07:19:13
1962,1962,92,NetBanking,2025-09-02 20:12:22
1963,1963,328,Credit Card,2025-07-04 23:54:52
1964,1964,644,Credit Card,2025-09-10 21:02:25
1965,1965,239,Debit Card,2025-07-01 08:35:34
1966,1966,449,NetBanking,2025-09-09 14:36:33
1967,1967,247,Debit Card,2025-08-17 20:54:15
1968,1968,50,Debit Card,2025-09-08 19:17:35
1969,1969,316,NetBanking,2025-09-07 16:19:03
1970,1970,429,Debit Card,2025-08-20 14:06:34
1971,1971,370,Debit Card,2025-07-04 06:30:07
1972,1972,674,Debit Card,2025-09-01 18:13:38
1973,1973,1079,UPI,2025-07-22 03:46:56
1974,1974,480,Credit Card,2025-09-12 14:00:16
1975,1975,428,Credit Card,2025-07-28 05:21:32
1976,1976,477,Debit Card,2025-08-24 08:55:34
1977,1977,571,UPI,2025-08-26 09:40:28
1978,1978,572,NetBanking,2025-08-19 15:31:10
1979,1979,822,NetBanking,2025-07-05 03:59:55
1980,1980,698,NetBanking,2025-09-16 06:49:06
1981,1981,1101,Debit Card,2025-07-21 10:49:33
1982,1982,70,Debit Card,2025-08-31 18:43:09
1983,1983,654,Credit Card,2025-08-08 05:39:42
1984,1984,610,Credit Card,2025-07-31 19:50:26
1985,1985,174,NetBanking,2025-08-15 09:23:09
1986,1986,50,NetBanking,2025-08-14 09:27:36
1987,1987,449,NetBanking,2025-08-25 13:22:41
1988,1988,512,Debit Card,2025-09-05 22:12:13
1989,1989,805,NetBanking,2025-07-12 10:27:50
1990,1990,292,NetBanking,2025-07-20 19:32:28
1991,1991,371,Credit Card,2025-06-28 10:46:30
1992,1992,355,UPI,2025-06-26 12:44:58
1993,1993,326,Debit Card,2025-07-13 12:03:06
1994,1994,241,NetBanking,2025-07-17 14:59:18
1995,1995,1220,NetBanking,2025-06-29 23:26:52
1996,1996,330,UPI,2025-07-19 17:05:28
1997,1997,62,UPI,2025-07-01 17:33:52
1998,1998,1326,Credit Card,2025-07-11 22:47:20
1999,1999,466,NetBanking,2025-09-03 05:20:29
2000,2000,123,NetBanking,2025-06-28 22:16:16
