reservation_id,passenger_id,flight_id,booking_date,seat_no,status
1,1009,30,2025-07-01 03:15:56,18B,Confirmed
2,760,172,2025-08-09 23:44:34,14E,Confirmed
3,317,107,2025-07-06 20:06:53,16E,Confirmed
4,573,9,2025-06-26 22:23:13,15D,Cancelled
5,743,26,2025-07-19 21:23:34,29F,Confirmed
6,816,71,2025-08-13 06:07:54,27D,Confirmed
7,435,165,2025-08-11 20:38:01,2C,Confirmed
8,258,145,2025-09-12 06:04:53,25E,Confirmed
9,443,60,2025-08-11 10:49:09,26E,Confirmed
10,297,34,2025-07-30 17:16:51,6A,Confirmed
11,53,34,2025-08-15 00:22:50,26B,Confirmed
12,33,45,2025-06-26 08:03:08,24D,Confirmed
13,131,122,2025-08-24 14:49:23,17E,Confirmed
14,1032,57,2025-07-21 19:02:46,26F,Confirmed
15,939,165,2025-07-01 00:03:30,28D,Confirmed
16,222,126,2025-08-09 22:58:28,3A,Confirmed
17,304,17,2025-07-29 04:17:39,21E,Confirmed
18,666,98,2025-09-09 19:33:18,15E,Confirmed
19,204,180,2025-08-16 03:54:41,21E,Confirmed
20,441,111,2025-07-13 14:56:14,14C,Confirmed
21,817,107,2025-06-26 23:06:20,14C,Confirmed
22,767,40,2025-07-13 21:59:30,3A,Confirmed
23,191,111,2025-09-16 03:47:47,12B,Confirmed
24,1202,144,2025-09-10 17:21:42,4D,Confirmed
25,1363,109,2025-08-26 23:03:18,20C,Confirmed
26,1184,130,2025-07-07 06:09:42,16B,Confirmed
27,718,143,2025-07-29 11:07:48,9E,Confirmed
28,879,144,2025-09-12 19:39:43,21E,Confirmed
29,1348,178,2025-07-20 08:01:11,9F,Confirmed
30,696,90,2025-08-24 00:11:55,5E,Confirmed
31,143,37,2025-07-23 23:40:01,3F,Confirmed
32,771,108,2025-09-07 14:21:10,12C,Confirmed
33,1163,153,2025-07-30 02:56:03,5B,Confirmed
34,102,173,2025-07-16 02:17:28,22D,Confirmed
35,906,107,2025-08-20 08:13:48,17A,Confirmed
36,228,73,2025-08-02 21:43:37,16E,Confirmed
37,94,57,2025-08-06 12:38:03,1B,Confirmed
38,433,36,2025-07-20 08:18:20,4A,Confirmed
39,882,45,2025-07-02 04:24:34,23B,Confirmed
40,1369,91,2025-08-18 02:25:55,24A,Confirmed
41,942,20,2025-08-20 10:36:27,19D,Confirmed
42,856,75,2025-06-30 03:25:01,11B,Confirmed
43,1266,118,2025-07-30 22:58:23,3D,Confirmed
44,499,112,2025-06-25 18:25:33,3D,Cancelled
45,696,57,2025-07-23 10:49:10,3E,Confirmed
46,1087,131,2025-08-30 06:57:49,12C,Confirmed
47,1322,38,2025-09-17 07:06:09,9B,Confirmed
48,314,168,2025-08-27 02:11:49,21D,Confirmed
49,1155,149,2025-09-03 14:43:59,29E,Confirmed
50,1280,83,2025-07-14 20:20:09,15A,Confirmed
51,1294,78,2025-08-20 08:37:03,12E,Confirmed
52,946,116,2025-08-27 01:03:23,27C,Confirmed
53,185,158,2025-06-23 19:32:24,15E,Confirmed
54,85,116,2025-07-29 18:41:12,11E,Confirmed
55,309,16,2025-09-06 14:06:51,29C,Cancelled
56,173,130,2025-09-18 20:11:02,8F,Confirmed
57,900,135,2025-07-16 16:39:10,12C,Cancelled
58,794,105,2025-09-07 10:43:38,2F,Confirmed
59,135,85,2025-09-07 03:35:43,13C,Confirmed
60,1345,155,2025-08-16 04:21:05,19F,Confirmed
61,717,80,2025-06-25 20:44:42,13B,Confirmed
62,174,80,2025-08-15 17:24:41,26C,Confirmed
63,1373,180,2025-08-30 23:43:58,17A,Confirmed
64,868,131,2025-08-29 11:01:23,10B,Cancelled
65,700,125,2025-09-02 06:14:08,5A,Confirmed
66,208,130,2025-08-08 17:53:47,29E,Confirmed
67,690,159,2025-08-23 04:38:24,5B,Confirmed
68,1419,160,2025-06-23 05:46:28,2D,Confirmed
69,1474,61,2025-07-14 14:39:18,25F,Confirmed
70,480,137,2025-07-20 07:19:51,26D,Cancelled
71,398,95,2025-07-04 21:36:28,15C,Confirmed
72,1030,136,2025-07-24 13:10:52,7E,Confirmed
73,513,14,2025-09-09 20:30:55,12E,Cancelled
74,1457,133,2025-08-25 03:18:05,25B,Confirmed
75,1052,38,2025-07-03 13:05:58,8D,Cancelled
76,55,107,2025-08-29 01:25:32,12B,Confirmed
77,168,96,2025-08-18 07:01:20,30A,Confirmed
78,1332,86,2025-08-04 04:08:02,10D,Confirmed
79,285,121,2025-08-27 14:39:00,29A,Confirmed
80,442,39,2025-06-27 17:46:38,17D,Confirmed
81,591,61,2025-07-03 09:07:03,8D,Confirmed
82,1276,118,2025-08-14 02:07:53,29D,Confirmed
83,34,162,2025-06-28 16:36:15,23B,Confirmed
84,4,158,2025-09-01 11:15:36,14B,Confirmed
85,176,135,2025-09-13 11:04:33,18E,Confirmed
86,1040,142,2025-07-28 00:24:55,16A,Confirmed
87,765,65,2025-08-15 23:01:22,26A,Confirmed
88,1346,161,2025-08-16 03:49:37,24C,Confirmed
89,722,140,2025-07-01 10:52:41,6F,Confirmed
90,1425,123,2025-07-10 20:11:51,5A,Confirmed
91,938,10,2025-07-30 09:12:02,26B,Cancelled
92,647,80,2025-08-13 16:25:52,18D,Confirmed
93,1325,49,2025-07-05 09:22:55,25A,Cancelled
94,680,70,2025-08-17 03:51:23,14D,Confirmed
95,792,87,2025-07-29 05:31:44,16C,Cancelled
96,1064,69,2025-08-06 02:46:27,3D,Confirmed
97,370,140,2025-06-23 09:20:06,3C,Confirmed
98,628,115,2025-08-05 19:45:27,6F,Confirmed
99,916,11,2025-07-18 23:55:58,12E,Cancelled
100,563,164,2025-07-09 01:04:42,21D,Confirmed
101,1392,41,2025-07-03 00:09:54,20F,Confirmed
102,72,33,2025-07-24 02:15:49,21C,Confirmed
103,1162,9,2025-09-19 19:09:43,15C,Confirmed
104,158,147,2025-07-15 04:33:23,13C,Confirmed
105,512,30,2025-06-28 00:47:11,16E,Confirmed
106,1151,31,2025-08-19 08:49:16,23D,Confirmed
107,1254,74,2025-07-16 22:58:31,7A,Confirmed
108,152,116,2025-08-22 05:57:45,15A,Confirmed
109,655,171,2025-09-17 11:45:04,18E,Confirmed
110,615,41,2025-07-30 22:45:59,23F,Confirmed
111,741,131,2025-08-31 07:07:12,26B,Confirmed
112,1012,7,2025-07-05 11:35:36,12D,Confirmed
113,1130,34,2025-09-05 19:56:05,3C,Confirmed
114,1469,123,2025-09-14 16:26:49,14E,Confirmed
115,650,165,2025-07-25 02:28:29,22E,Confirmed
116,1130,164,2025-07-08 18:11:49,5D,Confirmed
117,114,32,2025-07-30 16:09:19,6B,Confirmed
118,1453,58,2025-09-07 11:33:57,10A,Confirmed
119,1301,142,2025-06-22 08:08:40,10E,Confirmed
120,1030,165,2025-07-05 05:37:37,5B,Confirmed
121,1476,155,2025-07-08 10:53:59,19A,Confirmed
122,59,21,2025-07-02 01:41:49,19C,Confirmed
123,1172,107,2025-08-02 19:40:01,16F,Confirmed
124,1315,78,2025-08-16 15:15:51,26F,Confirmed
125,929,19,2025-09-01 22:03:10,15D,Confirmed
126,418,88,2025-09-03 19:09:20,28F,Confirmed
127,708,103,2025-06-24 04:48:23,17E,Confirmed
128,496,120,2025-08-14 03:17:28,8B,Confirmed
129,595,99,2025-08-29 19:26:15,28B,Confirmed
130,1184,81,2025-08-10 06:48:10,16E,Confirmed
131,632,128,2025-08-05 00:05:25,17D,Cancelled
132,441,150,2025-07-27 11:03:03,10D,Confirmed
133,1340,173,2025-09-06 15:18:34,1A,Confirmed
134,542,94,2025-07-18 12:23:02,13A,Confirmed
135,399,93,2025-08-10 17:18:04,13E,Confirmed
136,1127,72,2025-06-23 19:43:39,4B,Cancelled
137,807,96,2025-07-05 10:35:23,25B,Confirmed
138,1043,103,2025-09-13 16:02:02,2B,Confirmed
139,971,133,2025-09-11 14:09:38,29E,Confirmed
140,1256,82,2025-08-19 05:25:39,24C,Confirmed
141,1039,131,2025-07-14 17:31:45,19C,Confirmed
142,35,95,2025-07-11 10:43:07,14E,Confirmed
143,1486,177,2025-09-05 20:01:38,16C,Cancelled
144,1185,148,2025-07-27 07:46:03,19D,Confirmed
145,1289,159,2025-08-13 12:09:52,22B,Confirmed
146,1435,29,2025-07-14 06:01:28,11D,Confirmed
147,1415,53,2025-09-03 13:32:49,20D,Cancelled
148,1490,16,2025-08-09 22:08:33,7E,Confirmed
149,1357,123,2025-09-10 16:24:20,6D,Cancelled
150,702,140,2025-07-20 11:43:49,28F,Confirmed
151,1420,68,2025-07-10 19:30:12,8C,Confirmed
152,461,77,2025-08-27 09:45:13,23F,Confirmed
153,983,90,2025-09-11 17:59:59,26F,Confirmed
154,250,147,2025-08-21 21:34:24,29D,Confirmed
155,300,75,2025-08-23 01:18:45,3C,Cancelled
156,1344,66,2025-06-30 23:30:13,7E,Confirmed
157,1152,179,2025-06-22 08:08:06,20F,Confirmed
158,497,13,2025-07-31 21:57:33,8F,Confirmed
159,206,106,2025-07-27 10:45:30,4F,Confirmed
160,11,141,2025-08-04 05:26:41,30D,Confirmed
161,409,74,2025-07-15 10:18:41,2A,Confirmed
162,476,137,2025-09-15 23:46:54,30A,Cancelled
163,359,107,2025-09-08 05:59:58,2D,Confirmed
164,382,75,2025-07-23 01:00:19,19E,Confirmed
165,687,73,2025-09-12 14:41:34,17D,Cancelled
166,275,130,2025-06-30 14:17:12,26A,Confirmed
167,1498,118,2025-08-07 20:16:45,6A,Confirmed
168,605,146,2025-07-22 21:48:12,6E,Cancelled
169,831,110,2025-07-24 16:20:05,13F,Confirmed
170,288,123,2025-09-19 10:59:15,1C,Confirmed
171,915,69,2025-07-16 10:19:37,24E,Confirmed
172,1339,93,2025-07-28 22:15:03,22A,Confirmed
173,328,104,2025-08-16 21:32:59,29F,Confirmed
174,1414,31,2025-07-13 20:58:18,12E,Confirmed
175,274,123,2025-09-04 04:29:47,20C,Confirmed
176,1125,121,2025-08-28 17:51:42,27B,Confirmed
177,1394,153,2025-08-29 02:33:28,17F,Confirmed
178,1156,29,2025-07-25 01:53:35,29E,Confirmed
179,1100,39,2025-07-03 05:20:54,17D,Confirmed
180,421,150,2025-06-24 15:05:57,17D,Confirmed
181,929,34,2025-09-15 16:26:29,19A,Confirmed
182,1378,79,2025-07-07 23:01:25,9A,Confirmed
183,1185,19,2025-09-01 01:27:22,23A,Confirmed
184,124,18,2025-06-29 15:02:18,14B,Confirmed
185,1314,166,2025-07-21 13:23:57,13D,Cancelled
186,774,97,2025-06-26 02:43:42,28E,Confirmed
187,713,31,2025-09-18 05:34:25,17B,Confirmed
188,457,1,2025-09-08 00:19:29,22F,Confirmed
189,1090,98,2025-09-04 07:15:29,12B,Confirmed
190,1485,29,2025-06-30 01:51:42,14E,Confirmed
191,33,62,2025-07-06 06:04:06,20A,Confirmed
192,1377,13,2025-09-18 07:47:02,13D,Confirmed
193,445,15,2025-08-13 04:32:18,8F,Confirmed
194,1183,154,2025-07-15 21:52:20,8C,Cancelled
195,1353,134,2025-07-10 07:26:19,9A,Confirmed
196,1212,45,2025-06-30 20:43:27,18D,Confirmed
197,706,165,2025-08-16 21:24:50,17C,Confirmed
198,837,39,2025-07-24 09:24:11,25E,Confirmed
199,462,77,2025-07-27 22:09:51,15A,Confirmed
200,854,143,2025-08-10 16:08:24,8C,Confirmed
201,1325,21,2025-08-22 14:54:23,3E,Confirmed
202,391,14,2025-08-17 08:24:43,20E,Confirmed
203,150,49,2025-08-29 18:46:42,18B,Confirmed
204,682,78,2025-08-07 00:13:59,7F,Confirmed
205,981,63,2025-08-15 22:38:45,7D,Cancelled
206,1131,83,2025-08-17 09:24:29,18F,Confirmed
207,536,93,2025-06-23 16:56:31,15A,Confirmed
208,1480,121,2025-07-13 10:58:13,12C,Confirmed
209,1153,57,2025-07-24 23:09:01,9E,Cancelled
210,1187,107,2025-09-08 09:09:12,11B,Confirmed
211,504,128,2025-09-03 17:41:43,11C,Confirmed
212,1001,165,2025-09-13 23:31:29,6F,Confirmed
213,347,36,2025-08-19 23:34:31,6E,Cancelled
214,121,135,2025-08-05 01:53:54,3F,Confirmed
215,14,106,2025-07-01 04:53:40,8A,Confirmed
216,19,56,2025-08-08 16:29:23,2E,Confirmed
217,1263,124,2025-08-08 21:31:01,1E,Confirmed
218,25,5,2025-06-29 16:46:17,18C,Confirmed
219,1430,173,2025-09-13 13:51:58,6A,Cancelled
220,1074,39,2025-08-08 07:12:39,17C,Confirmed
221,548,102,2025-08-28 02:23:25,15E,Confirmed
222,1428,58,2025-06-24 09:43:52,28A,Confirmed
223,1331,9,2025-07-10 02:25:24,13E,Confirmed
224,1305,3,2025-06-25 22:10:05,16D,Confirmed
225,679,145,2025-07-25 03:57:33,30A,Confirmed
226,1418,146,2025-07-31 15:17:02,30A,Confirmed
227,575,140,2025-08-09 18:42:02,6C,Confirmed
228,425,151,2025-08-04 04:48:52,23D,Cancelled
229,613,42,2025-09-18 18:15:36,27D,Confirmed
230,1108,85,2025-06-27 12:48:47,5F,Confirmed
231,1026,89,2025-09-16 01:06:27,8A,Confirmed
232,1258,153,2025-08-16 12:49:20,1F,Confirmed
233,923,126,2025-07-21 07:22:35,13D,Confirmed
234,1200,170,2025-06-29 12:05:49,20C,Confirmed
235,1461,19,2025-07-04 02:17:09,13F,Confirmed
236,316,100,2025-07-16 10:23:06,3A,Cancelled
237,911,93,2025-09-18 08:06:08,3B,Confirmed
238,1141,143,2025-08-28 16:26:06,1A,Confirmed
239,191,153,2025-07-29 19:50:20,28D,Confirmed
240,848,100,2025-06-22 02:46:57,18B,Confirmed
241,348,176,2025-07-24 12:10:08,9C,Confirmed
242,299,17,2025-07-01 05:27:17,14C,Confirmed
243,158,93,2025-07-30 08:15:46,21D,Confirmed
244,401,118,2025-07-16 03:08:19,1D,Confirmed
245,1271,98,2025-08-13 10:28:21,14F,Cancelled
246,279,77,2025-09-08 10:38:44,7D,Confirmed
247,816,82,2025-07-14 09:47:44,21D,Cancelled
248,497,84,2025-09-03 12:17:52,26D,Confirmed
249,1155,52,2025-08-22 18:34:11,22E,Confirmed
250,1490,119,2025-08-22 22:13:28,26C,Confirmed
251,142,105,2025-08-14 21:31:08,21C,Confirmed
252,1349,40,2025-08-18 22:27:50,13A,Confirmed
253,1225,123,2025-07-23 18:25:34,17F,Confirmed
254,76,93,2025-07-12 22:57:51,18E,Confirmed
255,175,28,2025-07-15 07:42:42,12B,Confirmed
256,91,145,2025-08-04 20:43:41,13C,Cancelled
257,882,28,2025-07-29 00:06:16,8E,Confirmed
258,1143,149,2025-08-15 22:36:14,15C,Confirmed
259,1392,151,2025-07-17 22:32:09,12A,Confirmed
260,606,107,2025-07-03 02:07:53,24B,Confirmed
261,703,117,2025-09-03 06:33:30,12D,Confirmed
262,1479,179,2025-08-15 14:20:04,10A,Confirmed
263,236,6,2025-08-05 10:41:06,22B,Cancelled
264,500,133,2025-09-04 05:35:10,11E,Confirmed
265,947,60,2025-09-10 12:40:11,6F,Confirmed
266,811,8,2025-07-31 23:39:56,7D,Confirmed
267,797,2,2025-08-05 22:13:13,9F,Confirmed
268,129,148,2025-08-06 03:51:55,18B,Confirmed
269,404,118,2025-09-14 03:16:42,28D,Confirmed
270,1309,81,2025-08-25 19:24:39,13E,Confirmed
271,721,118,2025-08-03 19:11:52,22F,Confirmed
272,1259,152,2025-09-13 02:43:08,11A,Confirmed
273,240,47,2025-06-27 11:44:09,17D,Confirmed
274,283,148,2025-06-22 12:27:11,16F,Confirmed
275,1322,45,2025-07-29 17:10:31,10B,Confirmed
276,924,159,2025-07-19 01:55:22,1D,Confirmed
277,787,144,2025-07-13 16:41:31,14F,Confirmed
278,1455,114,2025-07-22 15:10:05,19A,Confirmed
279,452,75,2025-07-23 01:17:14,18C,Confirmed
280,937,145,2025-08-24 23:49:49,16E,Confirmed
281,1173,30,2025-09-11 08:49:34,27C,Confirmed
282,86,113,2025-08-30 17:13:27,4F,Confirmed
283,507,77,2025-08-18 01:28:16,12A,Confirmed
284,241,61,2025-09-07 06:51:47,19F,Confirmed
285,1456,157,2025-08-30 20:27:10,20B,Confirmed
286,424,16,2025-08-05 18:22:34,9E,Confirmed
287,663,75,2025-08-26 09:36:17,28E,Cancelled
288,1392,25,2025-08-22 04:48:50,14A,Cancelled
289,1344,33,2025-08-25 22:55:08,8B,Confirmed
290,507,174,2025-09-11 12:31:09,19F,Confirmed
291,849,97,2025-07-14 14:04:40,26A,Confirmed
292,570,178,2025-09-11 11:29:31,11E,Confirmed
293,191,118,2025-06-29 20:42:44,12A,Confirmed
294,815,56,2025-08-23 13:52:13,16C,Confirmed
295,581,87,2025-09-04 17:36:08,19D,Confirmed
296,1398,13,2025-08-06 01:06:40,26D,Confirmed
297,324,113,2025-09-03 14:00:27,7F,Cancelled
298,1332,78,2025-07-14 05:55:59,29C,Confirmed
299,739,65,2025-06-26 02:23:42,29F,Confirmed
300,812,161,2025-07-14 09:46:44,25B,Confirmed
301,187,25,2025-07-13 00:13:30,3B,Confirmed
302,1064,175,2025-07-09 14:00:00,23C,Confirmed
303,865,178,2025-07-17 04:30:04,8D,Confirmed
304,210,27,2025-08-17 10:23:56,10B,Confirmed
305,273,165,2025-09-06 21:09:04,17E,Confirmed
306,1332,43,2025-08-01 14:22:46,7F,Confirmed
307,844,158,2025-09-02 21:28:55,7A,Cancelled
308,287,32,2025-09-10 18:46:24,12D,Confirmed
309,287,64,2025-08-31 08:41:05,8E,Confirmed
310,1477,156,2025-08-31 09:49:44,1F,Cancelled
311,421,133,2025-08-04 19:32:12,24D,Confirmed
312,112,62,2025-07-24 15:24:07,8D,Confirmed
313,146,136,2025-09-18 00:23:59,11B,Confirmed
314,1165,108,2025-09-03 11:34:43,6D,Cancelled
315,150,5,2025-08-09 18:04:00,9B,Confirmed
316,124,102,2025-09-17 16:18:40,23E,Confirmed
317,868,180,2025-07-17 12:05:40,18E,Confirmed
318,569,22,2025-09-14 09:05:32,30B,Cancelled
319,319,138,2025-07-25 10:25:37,21F,Confirmed
320,136,80,2025-07-03 22:27:46,28B,Confirmed
321,177,112,2025-09-05 03:29:39,20A,Confirmed
322,1348,45,2025-06-22 03:00:45,5F,Confirmed
323,1017,89,2025-07-21 16:33:50,27F,Confirmed
324,762,33,2025-08-13 23:49:55,9F,Cancelled
325,61,86,2025-07-19 13:17:33,3C,Confirmed
326,1181,161,2025-09-17 02:31:29,17C,Confirmed
327,1161,43,2025-08-12 11:10:16,25A,Cancelled
328,1381,30,2025-09-13 07:47:32,1A,Cancelled
329,26,63,2025-06-26 01:30:23,13B,Confirmed
330,73,142,2025-08-17 22:47:41,14B,Confirmed
331,853,82,2025-07-21 08:52:04,19C,Confirmed
332,1379,14,2025-08-29 05:14:51,17A,Cancelled
333,142,120,2025-09-14 09:49:54,10C,Confirmed
334,936,3,2025-08-03 11:12:18,19C,Confirmed
335,497,119,2025-08-31 11:37:31,25B,Confirmed
336,1120,63,2025-09-07 04:00:59,14A,Confirmed
337,710,163,2025-07-13 22:56:00,11A,Confirmed
338,771,79,2025-09-11 03:13:33,8D,Confirmed
339,123,37,2025-07-03 22:17:05,2B,Cancelled
340,1065,106,2025-08-13 22:57:23,15F,Confirmed
341,196,130,2025-07-01 04:40:52,13A,Confirmed
342,128,112,2025-07-25 21:08:15,10C,Cancelled
343,805,180,2025-07-29 23:20:20,15C,Confirmed
344,416,35,2025-06-23 18:06:09,4B,Confirmed
345,644,105,2025-09-13 03:34:22,25B,Confirmed
346,949,68,2025-07-25 03:05:10,26F,Confirmed
347,1444,179,2025-09-12 19:02:13,27C,Confirmed
348,1457,64,2025-07-20 11:25:32,2F,Confirmed
349,357,8,2025-07-07 12:54:28,18F,Confirmed
350,194,119,2025-08-07 03:51:50,5A,Confirmed
351,456,34,2025-06-26 06:52:25,12F,Confirmed
352,1321,22,2025-08-05 18:37:16,30A,Confirmed
353,133,51,2025-08-18 20:28:51,5A,Cancelled
354,680,32,2025-09-05 01:29:03,6E,Confirmed
355,1484,102,2025-09-12 15:01:24,22D,Confirmed
356,440,48,2025-08-17 08:17:28,29B,Confirmed
357,1269,158,2025-09-16 07:41:18,16D,Cancelled
358,982,16,2025-07-26 02:17:24,5D,Confirmed
359,1077,64,2025-09-09 20:51:34,26A,Cancelled
360,1461,92,2025-08-17 15:34:50,16C,Cancelled
361,1029,83,2025-08-30 12:17:11,1C,Confirmed
362,61,72,2025-09-16 01:51:30,17C,Confirmed
363,477,41,2025-07-21 03:15:42,8C,Confirmed
364,115,57,2025-09-07 18:54:51,13C,Cancelled
365,356,46,2025-08-07 07:37:20,26F,Confirmed
366,1212,8,2025-08-01 22:44:22,19E,Confirmed
367,386,127,2025-09-10 17:19:11,16A,Confirmed
368,477,155,2025-07-03 07:01:33,16A,Confirmed
369,1258,52,2025-07-02 04:21:45,6C,Confirmed
370,303,151,2025-07-02 22:58:09,25A,Confirmed
371,748,19,2025-06-26 11:45:42,13E,Confirmed
372,619,83,2025-08-08 04:10:46,14F,Cancelled
373,1330,82,2025-08-16 05:45:35,23E,Confirmed
374,458,171,2025-08-06 18:52:11,13C,Confirmed
375,604,33,2025-07-30 05:46:00,23E,Confirmed
376,1163,9,2025-07-21 05:38:20,30E,Confirmed
377,1159,27,2025-09-15 15:09:21,24A,Confirmed
378,655,43,2025-08-04 20:56:05,27F,Confirmed
379,1494,86,2025-07-27 14:00:16,7B,Confirmed
380,718,66,2025-07-20 03:46:00,2D,Confirmed
381,860,43,2025-08-26 13:31:56,13C,Confirmed
382,208,123,2025-09-02 18:41:48,22B,Confirmed
383,151,9,2025-07-26 09:01:20,9A,Confirmed
384,349,97,2025-08-01 05:46:04,18A,Confirmed
385,1257,124,2025-07-25 22:01:27,21B,Confirmed
386,890,41,2025-08-05 01:06:21,7B,Confirmed
387,1135,139,2025-07-06 08:42:18,10B,Confirmed
388,805,147,2025-08-10 17:53:31,5A,Confirmed
389,876,23,2025-08-15 09:52:42,21E,Confirmed
390,199,7,2025-09-06 06:10:40,10A,Confirmed
391,237,79,2025-08-05 12:30:31,29F,Confirmed
392,1315,140,2025-07-06 12:11:23,29D,Confirmed
393,913,12,2025-07-08 08:28:29,9B,Confirmed
394,1156,16,2025-07-29 04:48:44,22A,Confirmed
395,705,139,2025-08-27 13:48:37,8E,Confirmed
396,793,134,2025-08-16 13:34:43,28D,Confirmed
397,483,122,2025-07-12 09:05:25,29F,Confirmed
398,1170,133,2025-07-20 18:43:39,5A,Cancelled
399,920,45,2025-08-10 05:13:51,7B,Confirmed
400,161,175,2025-07-24 13:12:52,21B,Confirmed
401,529,82,2025-07-18 23:58:51,3A,Confirmed
402,814,142,2025-08-27 10:54:17,17D,Cancelled
403,26,180,2025-06-24 19:37:33,26D,Confirmed
404,307,38,2025-09-03 18:37:37,25A,Cancelled
405,1153,26,2025-07-11 09:55:34,29C,Cancelled
406,541,99,2025-08-17 20:31:36,20D,Confirmed
407,565,104,2025-06-23 04:39:38,22F,Confirmed
408,811,85,2025-08-20 22:15:03,24D,Cancelled
409,763,6,2025-08-10 10:52:50,10C,Confirmed
410,1007,179,2025-07-17 21:06:55,8B,Confirmed
411,908,83,2025-08-27 08:46:26,20F,Confirmed
412,905,55,2025-07-28 13:47:31,25E,Cancelled
413,116,132,2025-08-12 05:04:19,23E,Confirmed
414,1074,146,2025-09-13 00:11:12,29B,Confirmed
415,511,9,2025-07-25 14:03:58,12F,Confirmed
416,755,119,2025-09-02 16:25:40,30A,Confirmed
417,496,96,2025-08-01 15:38:28,6D,Confirmed
418,717,89,2025-06-23 05:53:57,9F,Confirmed
419,186,73,2025-09-11 00:24:03,6E,Confirmed
420,439,57,2025-08-03 20:14:43,7C,Confirmed
421,1052,6,2025-07-28 21:00:30,30B,Confirmed
422,1232,3,2025-08-31 07:16:38,26C,Confirmed
423,1453,165,2025-08-18 08:27:57,13C,Confirmed
424,447,120,2025-08-31 09:43:33,27E,Confirmed
425,210,2,2025-08-19 16:42:53,27C,Confirmed
426,1217,156,2025-07-09 09:19:43,4D,Confirmed
427,567,164,2025-09-19 10:55:17,9F,Confirmed
428,1335,77,2025-09-14 06:09:33,25B,Cancelled
429,1229,104,2025-08-24 21:20:43,5F,Confirmed
430,1019,76,2025-08-30 08:58:26,13D,Confirmed
431,1195,147,2025-09-13 06:21:46,23B,Confirmed
432,1308,122,2025-07-31 21:22:32,10B,Confirmed
433,1144,47,2025-06-28 09:06:30,5F,Confirmed
434,1145,47,2025-07-13 21:57:21,21A,Confirmed
435,458,79,2025-08-11 13:50:56,11C,Confirmed
436,603,119,2025-07-04 03:30:03,28F,Confirmed
437,1272,19,2025-07-31 15:56:12,17A,Cancelled
438,782,136,2025-09-05 09:26:03,28B,Confirmed
439,411,88,2025-08-14 13:36:57,30D,Confirmed
440,1466,47,2025-08-07 02:31:21,21B,Confirmed
441,119,2,2025-06-25 14:17:13,25B,Confirmed
442,325,126,2025-08-21 02:08:39,14F,Confirmed
443,879,123,2025-09-04 12:00:02,18B,Confirmed
444,29,83,2025-09-13 16:12:01,22A,Confirmed
445,510,58,2025-08-03 22:56:22,10B,Confirmed
446,1031,151,2025-09-15 09:10:04,27A,Confirmed
447,596,117,2025-08-03 23:33:38,17C,Confirmed
448,1407,35,2025-09-16 10:57:31,12B,Confirmed
449,827,5,2025-08-05 07:14:46,5B,Confirmed
450,1208,130,2025-08-03 05:07:23,23F,Confirmed
451,769,164,2025-08-18 08:49:34,20A,Confirmed
452,99,170,2025-07-28 03:41:53,1A,Confirmed
453,854,114,2025-08-06 12:07:35,9D,Confirmed
454,421,178,2025-06-25 21:40:00,10D,Confirmed
455,1357,134,2025-09-03 08:39:38,23B,Confirmed
456,215,131,2025-08-24 23:39:07,10A,Confirmed
457,1020,51,2025-07-11 19:12:49,9E,Cancelled
458,734,105,2025-08-16 09:10:02,18D,Cancelled
459,1410,124,2025-08-15 10:15:00,1F,Confirmed
460,227,147,2025-09-16 21:31:09,3E,Confirmed
461,1482,26,2025-09-10 08:41:14,15C,Confirmed
462,103,26,2025-07-31 05:55:02,28C,Confirmed
463,1387,81,2025-07-06 13:47:07,4A,Confirmed
464,284,170,2025-07-28 20:10:21,12D,Cancelled
465,550,24,2025-07-13 11:52:21,6A,Confirmed
466,935,70,2025-08-09 12:44:54,16D,Confirmed
467,342,29,2025-08-06 04:44:46,2B,Confirmed
468,1210,124,2025-08-18 18:43:28,6E,Confirmed
469,735,157,2025-07-09 00:55:43,29F,Cancelled
470,268,124,2025-09-15 15:07:56,14D,Confirmed
471,536,168,2025-09-02 10:00:45,28F,Confirmed
472,1181,145,2025-09-08 07:42:55,11E,Confirmed
473,1435,159,2025-09-03 03:27:42,24B,Confirmed
474,1360,174,2025-09-19 20:24:09,27E,Cancelled
475,1256,14,2025-08-04 00:41:59,6E,Confirmed
476,1016,43,2025-06-28 02:48:31,11B,Confirmed
477,570,13,2025-08-26 16:14:35,21D,Confirmed
478,482,21,2025-09-06 14:28:51,19D,Confirmed
479,1021,115,2025-06-30 10:07:31,24F,Confirmed
480,827,106,2025-06-27 01:35:35,1A,Confirmed
481,1268,164,2025-08-03 09:56:32,18B,Confirmed
482,935,88,2025-09-03 11:52:03,27B,Confirmed
483,680,144,2025-07-15 19:38:30,23F,Confirmed
484,927,30,2025-07-26 03:48:42,8A,Confirmed
485,1298,75,2025-07-03 17:33:23,23A,Confirmed
486,337,127,2025-07-04 04:52:45,24F,Confirmed
487,521,157,2025-08-14 06:12:07,30D,Confirmed
488,391,87,2025-08-18 03:48:26,2F,Confirmed
489,1206,32,2025-08-01 14:29:42,19E,Confirmed
490,1022,2,2025-07-08 16:47:03,18D,Confirmed
491,990,131,2025-07-10 05:44:37,6F,Confirmed
492,213,100,2025-08-25 21:38:38,29C,Confirmed
493,788,108,2025-09-06 19:58:44,25B,Confirmed
494,703,76,2025-06-25 14:51:08,5D,Confirmed
495,1050,77,2025-07-31 22:35:55,11F,Confirmed
496,1134,162,2025-08-13 06:12:13,20F,Confirmed
497,708,173,2025-09-17 04:45:41,6E,Confirmed
498,1305,83,2025-08-24 22:07:48,12E,Confirmed
499,1169,171,2025-09-18 22:26:43,24E,Confirmed
500,866,4,2025-07-08 16:06:01,13B,Confirmed
501,116,52,2025-07-19 08:48:50,6C,Confirmed
502,300,16,2025-07-11 22:50:18,7E,Confirmed
503,927,27,2025-07-07 19:55:43,24E,Cancelled
504,1326,144,2025-07-14 12:15:32,26F,Confirmed
505,1361,13,2025-07-10 12:24:26,26F,Confirmed
506,1131,14,2025-08-27 00:47:16,7E,Cancelled
507,908,58,2025-09-05 20:45:45,21C,Confirmed
508,1120,155,2025-07-15 06:49:46,7C,Confirmed
509,1399,20,2025-06-27 05:11:47,17A,Confirmed
510,878,72,2025-09-06 17:16:08,6E,Confirmed
511,12,85,2025-07-05 14:45:59,5A,Confirmed
512,661,153,2025-07-12 01:49:59,21E,Confirmed
513,617,126,2025-08-20 18:35:22,3F,Confirmed
514,451,48,2025-08-18 16:04:50,17B,Confirmed
515,1100,104,2025-07-14 02:22:14,29B,Confirmed
516,679,93,2025-07-16 09:13:48,20E,Confirmed
517,1150,167,2025-07-19 00:07:42,12D,Confirmed
518,1316,158,2025-07-28 19:15:02,22C,Confirmed
519,233,99,2025-06-24 08:34:46,10A,Cancelled
520,768,132,2025-09-06 16:28:31,2C,Cancelled
521,395,83,2025-07-30 16:05:06,6E,Confirmed
522,1284,17,2025-09-09 06:42:40,25B,Cancelled
523,869,27,2025-08-29 06:34:53,23F,Confirmed
524,1325,19,2025-09-16 23:43:09,1D,Confirmed
525,78,23,2025-06-24 02:03:11,26C,Confirmed
526,1178,59,2025-09-11 08:26:24,15F,Confirmed
527,648,5,2025-09-12 12:43:07,18A,Confirmed
528,1267,17,2025-07-28 23:37:02,23A,Confirmed
529,1030,28,2025-08-15 09:50:43,10E,Confirmed
530,897,98,2025-07-17 12:52:42,1D,Confirmed
531,451,35,2025-08-29 23:25:50,26E,Confirmed
532,1299,37,2025-07-13 09:43:56,30F,Confirmed
533,23,142,2025-08-27 17:09:07,2A,Confirmed
534,808,138,2025-09-19 17:05:19,7F,Confirmed
535,1487,89,2025-06-22 06:26:57,21E,Confirmed
536,377,57,2025-07-30 19:53:16,7A,Confirmed
537,1162,14,2025-08-20 17:29:41,18A,Confirmed
538,138,65,2025-07-25 03:12:46,19D,Cancelled
539,732,33,2025-08-24 21:41:15,4C,Confirmed
540,397,82,2025-07-04 15:28:21,20F,Confirmed
541,1197,40,2025-07-10 18:36:23,26C,Cancelled
542,346,2,2025-07-25 10:15:50,8F,Confirmed
543,894,71,2025-08-03 11:08:43,24C,Cancelled
544,948,115,2025-08-13 11:49:19,16E,Confirmed
545,1323,156,2025-09-15 02:53:17,28B,Cancelled
546,403,68,2025-07-30 23:56:40,3F,Confirmed
547,39,130,2025-07-23 20:01:52,19E,Confirmed
548,1209,55,2025-09-05 01:35:16,18E,Confirmed
549,305,94,2025-07-05 12:14:57,25E,Confirmed
550,596,35,2025-08-19 14:32:32,3D,Confirmed
551,22,170,2025-07-21 07:54:51,20F,Confirmed
552,1053,36,2025-06-30 14:10:11,19E,Confirmed
553,300,124,2025-07-05 11:02:14,25D,Confirmed
554,542,95,2025-08-10 07:02:42,7E,Cancelled
555,740,100,2025-07-25 15:58:29,29A,Confirmed
556,1329,83,2025-07-15 03:45:33,21C,Confirmed
557,540,149,2025-08-07 17:36:11,13F,Confirmed
558,1204,168,2025-08-30 02:33:16,13B,Confirmed
559,723,89,2025-09-11 15:50:30,29E,Confirmed
560,285,113,2025-06-26 05:14:04,17F,Confirmed
561,308,48,2025-06-25 05:23:38,23A,Confirmed
562,850,85,2025-09-06 23:07:30,22D,Confirmed
563,1210,42,2025-07-29 20:53:26,1B,Confirmed
564,1175,152,2025-09-13 05:08:40,17A,Cancelled
565,301,15,2025-07-17 05:16:59,6E,Cancelled
566,1228,145,2025-07-16 20:01:56,24F,Confirmed
567,581,22,2025-08-12 06:28:38,16D,Confirmed
568,842,154,2025-09-16 04:50:37,27B,Confirmed
569,1047,68,2025-09-10 05:46:43,11D,Confirmed
570,141,59,2025-08-14 12:24:08,4A,Confirmed
571,1033,176,2025-07-24 13:52:09,20A,Confirmed
572,1260,154,2025-07-19 01:56:50,18E,Confirmed
573,191,124,2025-08-12 21:08:57,20E,Confirmed
574,1390,167,2025-08-07 13:33:26,12A,Confirmed
575,879,59,2025-09-05 15:50:49,13C,Confirmed
576,1427,148,2025-07-25 03:27:08,9D,Confirmed
577,172,73,2025-07-15 19:56:34,14C,Confirmed
578,1453,2,2025-07-02 18:33:07,17A,Confirmed
579,421,177,2025-07-03 10:26:23,4B,Confirmed
580,1199,65,2025-08-17 08:54:34,14E,Confirmed
581,565,175,2025-08-22 12:48:13,14E,Confirmed
582,989,46,2025-09-03 11:35:35,16C,Cancelled
583,1184,89,2025-09-04 22:25:47,5F,Confirmed
584,471,115,2025-09-07 22:10:06,7E,Confirmed
585,694,141,2025-08-11 19:44:43,23A,Confirmed
586,1303,2,2025-09-06 02:52:09,16E,Confirmed
587,132,68,2025-06-22 07:23:05,20A,Confirmed
588,821,158,2025-07-16 20:33:18,23E,Confirmed
589,359,164,2025-07-08 15:28:00,7F,Cancelled
590,1062,74,2025-07-27 06:02:50,20E,Confirmed
591,475,158,2025-07-25 05:43:02,12B,Confirmed
592,323,23,2025-07-22 08:49:25,12F,Confirmed
593,1201,52,2025-09-17 16:00:47,23A,Cancelled
594,1126,73,2025-07-05 23:53:35,30E,Confirmed
595,567,58,2025-08-12 19:12:29,30D,Confirmed
596,535,45,2025-09-07 13:32:06,18A,Confirmed
597,697,30,2025-06-22 16:16:56,18E,Confirmed
598,907,97,2025-07-23 18:30:49,8C,Cancelled
599,940,175,2025-07-16 14:57:37,28A,Confirmed
600,529,18,2025-08-04 12:40:50,8F,Confirmed
601,647,106,2025-07-31 11:33:34,1F,Confirmed
602,509,74,2025-09-03 02:25:43,24C,Confirmed
603,366,122,2025-07-21 10:22:13,29E,Confirmed
604,1400,49,2025-07-04 15:47:12,8F,Confirmed
605,544,53,2025-07-27 07:12:53,8E,Confirmed
606,219,31,2025-07-24 02:43:42,16E,Confirmed
607,1109,11,2025-09-07 15:23:39,11D,Cancelled
608,1177,71,2025-06-24 15:11:48,30E,Confirmed
609,455,148,2025-08-07 04:03:33,26D,Confirmed
610,1108,9,2025-08-15 16:22:25,28F,Confirmed
611,937,31,2025-09-13 22:33:29,11F,Confirmed
612,1381,54,2025-08-02 12:37:06,11C,Confirmed
613,532,48,2025-08-14 17:16:15,9D,Cancelled
614,703,94,2025-08-12 05:31:27,7D,Confirmed
615,763,94,2025-08-22 12:17:28,6E,Confirmed
616,1180,176,2025-08-04 07:52:06,24C,Confirmed
617,1138,111,2025-08-13 12:12:09,26F,Confirmed
618,20,46,2025-07-30 13:31:08,29F,Confirmed
619,1476,81,2025-06-24 15:19:16,18E,Confirmed
620,203,177,2025-08-26 05:03:13,27C,Confirmed
621,1290,25,2025-07-09 14:47:21,9C,Confirmed
622,1142,66,2025-06-26 11:01:26,4C,Cancelled
623,1241,51,2025-07-14 18:36:41,21E,Confirmed
624,583,91,2025-08-31 10:43:32,16F,Confirmed
625,161,98,2025-08-18 19:18:29,21B,Cancelled
626,1312,87,2025-07-04 13:40:39,19D,Confirmed
627,147,21,2025-07-08 05:21:14,11C,Confirmed
628,1455,69,2025-07-03 19:41:25,9D,Confirmed
629,744,151,2025-07-16 16:28:26,6B,Cancelled
630,257,61,2025-09-16 21:16:47,23F,Confirmed
631,342,102,2025-06-29 03:06:04,30D,Confirmed
632,54,102,2025-09-19 16:48:05,4C,Confirmed
633,173,168,2025-08-07 12:19:14,8F,Confirmed
634,1284,33,2025-06-25 04:33:53,6A,Confirmed
635,731,84,2025-09-17 15:29:55,18C,Confirmed
636,277,179,2025-09-17 17:11:37,20D,Confirmed
637,1303,145,2025-07-01 13:33:40,21E,Confirmed
638,712,124,2025-08-21 17:14:51,3D,Confirmed
639,845,67,2025-08-30 04:19:00,1E,Confirmed
640,280,89,2025-09-17 09:30:34,1F,Cancelled
641,978,77,2025-07-23 00:49:27,26C,Confirmed
642,15,141,2025-08-15 11:12:26,29E,Confirmed
643,512,42,2025-07-30 22:47:41,13D,Confirmed
644,163,109,2025-08-01 20:15:33,25E,Confirmed
645,1403,70,2025-09-19 09:41:47,18C,Confirmed
646,141,47,2025-07-12 04:18:07,21D,Confirmed
647,558,180,2025-08-18 19:31:12,11A,Confirmed
648,1096,6,2025-09-05 05:06:18,9B,Confirmed
649,1490,3,2025-08-16 07:05:09,1D,Confirmed
650,861,80,2025-08-25 15:23:29,23A,Confirmed
651,300,15,2025-07-04 08:49:25,3E,Confirmed
652,394,65,2025-08-13 12:53:00,4F,Confirmed
653,908,64,2025-09-08 23:02:12,15F,Confirmed
654,1068,171,2025-08-06 06:30:24,22C,Cancelled
655,325,162,2025-08-15 23:02:47,30E,Confirmed
656,519,124,2025-08-11 20:19:12,12A,Cancelled
657,447,29,2025-09-05 07:40:27,11A,Confirmed
658,566,150,2025-08-07 03:25:50,8A,Cancelled
659,1191,177,2025-07-07 15:44:38,5C,Confirmed
660,510,41,2025-09-19 15:05:43,20C,Cancelled
661,1281,16,2025-09-15 01:22:41,5F,Confirmed
662,220,33,2025-08-11 15:14:20,18F,Confirmed
663,899,50,2025-08-09 00:44:24,12F,Confirmed
664,81,125,2025-07-11 22:28:35,10E,Confirmed
665,389,146,2025-09-10 05:34:22,11F,Confirmed
666,1227,142,2025-09-07 05:04:33,5D,Confirmed
667,540,139,2025-08-28 11:29:00,25F,Confirmed
668,380,5,2025-06-29 19:54:23,25E,Confirmed
669,1477,17,2025-07-16 21:34:52,13B,Confirmed
670,1019,142,2025-09-07 04:39:18,11D,Confirmed
671,227,25,2025-07-07 16:42:04,2B,Confirmed
672,65,52,2025-09-08 03:31:12,4A,Confirmed
673,796,169,2025-07-22 15:33:39,23E,Confirmed
674,751,57,2025-08-16 19:45:04,1B,Confirmed
675,164,120,2025-07-27 20:03:23,18F,Cancelled
676,852,95,2025-09-07 22:03:52,20C,Confirmed
677,145,78,2025-07-31 02:13:33,4A,Confirmed
678,1089,99,2025-07-08 06:12:33,22B,Confirmed
679,367,143,2025-08-16 23:35:26,24A,Confirmed
680,1181,92,2025-09-09 21:29:44,22D,Cancelled
681,342,47,2025-07-02 17:25:32,11F,Confirmed
682,1229,114,2025-08-07 11:57:20,18C,Confirmed
683,845,163,2025-09-18 13:52:46,11E,Confirmed
684,1118,55,2025-08-25 12:49:35,30F,Confirmed
685,927,115,2025-08-17 12:00:46,2C,Confirmed
686,1061,35,2025-07-30 09:00:19,8B,Cancelled
687,45,177,2025-07-22 08:58:35,17E,Confirmed
688,1171,40,2025-07-21 03:02:29,12B,Confirmed
689,752,150,2025-07-03 07:14:16,26C,Confirmed
690,819,146,2025-08-02 06:46:04,24C,Confirmed
691,355,125,2025-06-22 22:44:36,27A,Confirmed
692,616,10,2025-07-14 23:51:36,13A,Confirmed
693,685,90,2025-07-10 13:26:59,28A,Cancelled
694,465,168,2025-09-03 19:59:00,21F,Confirmed
695,625,135,2025-07-09 01:20:34,19B,Confirmed
696,1430,57,2025-08-13 04:03:43,24D,Cancelled
697,1219,148,2025-08-15 16:05:14,14C,Confirmed
698,304,34,2025-08-10 10:05:30,19F,Confirmed
699,818,68,2025-06-22 02:25:32,14F,Confirmed
700,277,124,2025-08-06 17:12:31,13F,Confirmed
701,1150,158,2025-06-22 23:33:15,8A,Confirmed
702,881,83,2025-06-23 21:59:36,3A,Confirmed
703,868,94,2025-07-23 11:12:20,12E,Confirmed
704,625,44,2025-06-29 11:39:52,26D,Confirmed
705,903,12,2025-08-29 07:12:43,12B,Confirmed
706,176,29,2025-06-26 23:03:15,20B,Cancelled
707,590,4,2025-07-09 10:44:51,4C,Confirmed
708,47,85,2025-08-12 06:47:34,7B,Confirmed
709,530,141,2025-08-08 15:39:46,5F,Confirmed
710,38,97,2025-07-22 18:57:42,17A,Confirmed
711,124,73,2025-07-24 06:50:44,20C,Confirmed
712,1341,3,2025-08-27 02:24:42,9F,Cancelled
713,1352,93,2025-06-29 03:01:18,28F,Confirmed
714,780,131,2025-07-06 22:06:57,11D,Cancelled
715,1089,23,2025-06-24 05:12:32,15E,Cancelled
716,45,11,2025-07-06 07:59:33,10C,Confirmed
717,322,5,2025-08-27 11:43:22,12F,Confirmed
718,1027,71,2025-07-07 01:40:16,29D,Cancelled
719,61,143,2025-08-31 08:14:09,11D,Confirmed
720,180,98,2025-08-29 16:43:39,28F,Confirmed
721,855,62,2025-08-24 18:09:27,10E,Confirmed
722,1111,34,2025-09-03 06:41:08,19E,Confirmed
723,415,36,2025-06-22 09:44:45,29E,Cancelled
724,881,38,2025-06-29 20:59:36,30B,Confirmed
725,1142,137,2025-08-31 23:07:11,11B,Confirmed
726,653,106,2025-09-16 13:19:28,24F,Cancelled
727,561,39,2025-08-08 06:06:08,6A,Confirmed
728,1254,158,2025-07-27 08:38:36,20B,Confirmed
729,473,176,2025-07-20 00:22:05,23D,Confirmed
730,1239,121,2025-07-27 22:41:23,6D,Confirmed
731,282,42,2025-07-18 06:14:02,14A,Cancelled
732,846,57,2025-06-28 23:42:12,25B,Confirmed
733,900,158,2025-07-30 15:44:20,28D,Cancelled
734,876,104,2025-07-18 01:38:47,27D,Confirmed
735,808,157,2025-08-12 23:36:38,18E,Confirmed
736,1443,10,2025-08-09 16:06:28,15A,Cancelled
737,504,133,2025-08-21 17:25:47,2E,Confirmed
738,1292,13,2025-07-05 06:18:28,13C,Confirmed
739,586,119,2025-08-24 05:27:18,20A,Confirmed
740,292,119,2025-09-13 20:28:05,24E,Confirmed
741,1199,179,2025-08-28 17:08:25,14C,Confirmed
742,367,117,2025-06-28 18:57:45,29B,Cancelled
743,185,65,2025-06-27 10:44:41,30F,Confirmed
744,1472,32,2025-09-14 02:07:45,15F,Confirmed
745,1073,99,2025-09-16 23:50:32,20B,Confirmed
746,780,12,2025-07-18 05:58:21,19F,Cancelled
747,333,38,2025-07-31 05:49:45,2D,Confirmed
748,1496,115,2025-08-01 09:40:11,4B,Cancelled
749,8,160,2025-07-04 08:00:29,16D,Confirmed
750,12,156,2025-09-14 15:15:13,19F,Confirmed
751,840,114,2025-08-06 02:38:38,1B,Cancelled
752,570,159,2025-07-23 20:35:52,27B,Confirmed
753,304,15,2025-08-24 20:22:02,5A,Confirmed
754,1236,77,2025-09-01 10:58:05,2A,Confirmed
755,366,42,2025-06-23 21:18:39,22F,Confirmed
756,1173,144,2025-09-05 05:29:47,19C,Cancelled
757,191,77,2025-07-01 10:23:57,13A,Confirmed
758,1128,17,2025-07-26 09:30:08,4F,Cancelled
759,675,135,2025-07-08 13:33:13,23B,Confirmed
760,224,147,2025-07-31 23:40:33,3D,Confirmed
761,1239,74,2025-08-27 13:38:54,11C,Confirmed
762,1277,91,2025-08-27 04:39:36,16E,Confirmed
763,1020,127,2025-08-16 05:56:39,8F,Confirmed
764,397,1,2025-08-04 03:01:29,21A,Confirmed
765,425,158,2025-07-16 13:26:02,11C,Confirmed
766,1306,55,2025-07-18 00:40:12,23C,Confirmed
767,139,79,2025-07-08 09:32:35,11A,Confirmed
768,683,88,2025-09-10 12:46:36,20A,Confirmed
769,398,85,2025-06-26 10:59:43,16D,Confirmed
770,1323,35,2025-07-14 15:09:40,15E,Cancelled
771,948,106,2025-09-14 23:03:53,17C,Confirmed
772,1389,81,2025-08-31 17:34:01,7E,Confirmed
773,725,17,2025-07-30 04:17:53,1C,Cancelled
774,1284,137,2025-06-27 05:36:38,13B,Confirmed
775,632,81,2025-08-07 22:02:17,14A,Confirmed
776,487,96,2025-08-12 14:53:19,7E,Confirmed
777,230,96,2025-09-18 01:49:12,30A,Confirmed
778,52,124,2025-09-04 16:09:12,11D,Confirmed
779,1073,80,2025-07-25 10:09:49,28A,Confirmed
780,1058,174,2025-07-20 04:13:46,2D,Confirmed
781,1070,30,2025-09-01 00:19:59,2F,Confirmed
782,179,86,2025-08-13 14:56:02,4E,Confirmed
783,640,6,2025-09-08 18:48:19,21B,Confirmed
784,395,74,2025-07-10 08:34:20,25D,Confirmed
785,559,39,2025-07-11 05:17:07,1E,Confirmed
786,210,53,2025-06-23 17:22:35,11C,Confirmed
787,1443,73,2025-08-16 18:15:10,3C,Confirmed
788,694,139,2025-07-28 14:03:08,1D,Cancelled
789,104,28,2025-08-10 12:03:05,14D,Confirmed
790,1221,152,2025-08-08 20:53:44,23D,Confirmed
791,640,86,2025-07-05 06:45:48,22E,Confirmed
792,954,146,2025-09-17 04:05:52,26F,Confirmed
793,934,80,2025-07-15 21:41:45,25D,Confirmed
794,459,37,2025-08-27 19:16:58,12D,Confirmed
795,1363,85,2025-08-14 10:29:31,1A,Confirmed
796,720,123,2025-07-12 14:54:10,10C,Confirmed
797,261,131,2025-07-30 03:25:52,23A,Confirmed
798,1331,19,2025-08-12 09:34:29,13E,Confirmed
799,1272,63,2025-08-29 17:10:30,13A,Confirmed
800,1422,152,2025-08-23 13:50:27,19C,Confirmed
801,484,45,2025-06-23 21:42:04,24F,Confirmed
802,997,30,2025-08-02 18:38:29,11E,Confirmed
803,912,46,2025-06-26 09:25:04,20A,Confirmed
804,1222,98,2025-09-07 10:31:41,22A,Confirmed
805,285,149,2025-06-30 20:51:00,25B,Confirmed
806,928,137,2025-09-13 09:24:39,19D,Confirmed
807,1396,82,2025-07-17 09:36:50,30F,Confirmed
808,891,89,2025-07-24 02:37:00,20E,Confirmed
809,262,76,2025-08-04 01:23:57,18A,Confirmed
810,1147,92,2025-08-18 03:55:18,28A,Confirmed
811,1439,152,2025-07-06 12:40:20,23D,Confirmed
812,892,140,2025-07-14 06:42:11,16B,Confirmed
813,788,93,2025-07-05 13:09:18,28F,Confirmed
814,24,19,2025-07-30 20:01:09,24D,Confirmed
815,279,22,2025-08-08 04:41:51,14D,Cancelled
816,1425,155,2025-06-29 13:39:11,15E,Confirmed
817,922,99,2025-07-18 11:14:11,14E,Confirmed
818,1021,61,2025-09-01 22:32:17,14E,Confirmed
819,69,10,2025-08-25 18:30:45,12A,Confirmed
820,1415,21,2025-08-12 04:46:46,17C,Confirmed
821,161,134,2025-07-25 19:05:15,16F,Confirmed
822,1370,20,2025-08-09 21:40:34,26E,Confirmed
823,109,88,2025-08-29 17:49:00,16D,Confirmed
824,961,147,2025-07-01 23:21:26,12C,Confirmed
825,73,178,2025-08-21 19:47:19,24E,Confirmed
826,1289,122,2025-08-22 18:10:36,2F,Cancelled
827,1279,7,2025-08-05 09:31:05,5E,Confirmed
828,570,65,2025-06-22 04:39:17,9C,Confirmed
829,229,155,2025-07-01 05:58:37,24B,Confirmed
830,758,45,2025-07-27 08:50:44,8D,Confirmed
831,1081,9,2025-06-26 10:05:09,20B,Confirmed
832,846,99,2025-08-31 07:42:28,24F,Confirmed
833,1184,89,2025-07-02 01:41:16,25A,Confirmed
834,951,103,2025-08-15 15:19:30,24E,Confirmed
835,1400,100,2025-08-02 15:16:09,17D,Confirmed
836,920,98,2025-08-09 21:20:33,22A,Confirmed
837,1089,164,2025-08-20 11:54:27,20F,Cancelled
838,687,70,2025-09-12 08:51:06,9F,Confirmed
839,945,173,2025-08-07 23:15:46,22E,Confirmed
840,1065,87,2025-08-25 21:44:11,11E,Confirmed
841,18,18,2025-07-04 00:26:06,17A,Confirmed
842,720,57,2025-06-24 23:18:16,7A,Confirmed
843,189,15,2025-08-20 19:42:57,27B,Cancelled
844,1307,32,2025-07-04 22:07:05,28E,Confirmed
845,1345,166,2025-07-26 18:51:11,29A,Confirmed
846,519,76,2025-06-29 14:42:59,3F,Confirmed
847,567,110,2025-08-16 22:57:42,25C,Confirmed
848,152,71,2025-07-04 01:24:24,11A,Confirmed
849,543,46,2025-06-26 14:04:31,30B,Confirmed
850,366,166,2025-07-03 15:06:09,18D,Confirmed
851,1318,28,2025-09-12 14:45:16,4A,Confirmed
852,1171,65,2025-08-15 14:01:57,16B,Confirmed
853,2,10,2025-07-07 21:24:17,5F,Confirmed
854,802,148,2025-08-14 00:32:45,25D,Confirmed
855,828,18,2025-08-31 17:14:00,13F,Confirmed
856,988,32,2025-08-30 18:34:59,12C,Confirmed
857,821,15,2025-07-26 20:41:05,12E,Cancelled
858,697,21,2025-07-04 14:48:49,10F,Confirmed
859,1136,11,2025-07-15 12:42:12,10F,Confirmed
860,219,162,2025-07-14 22:22:31,3F,Confirmed
861,389,36,2025-08-29 01:12:01,24E,Confirmed
862,797,17,2025-07-06 17:41:19,16E,Cancelled
863,921,5,2025-08-15 01:21:03,11F,Confirmed
864,243,55,2025-08-04 20:42:33,15F,Cancelled
865,1099,39,2025-09-11 23:37:14,30A,Confirmed
866,290,126,2025-06-22 20:01:30,30E,Confirmed
867,1437,167,2025-09-10 04:00:11,21A,Cancelled
868,200,117,2025-07-18 19:10:53,19A,Confirmed
869,218,30,2025-08-16 15:38:51,20B,Confirmed
870,416,110,2025-08-23 10:51:53,24F,Confirmed
871,248,176,2025-09-12 18:34:08,11B,Confirmed
872,1215,45,2025-07-11 10:04:07,9B,Confirmed
873,345,179,2025-09-03 11:35:10,15B,Cancelled
874,84,35,2025-08-07 03:50:54,21E,Confirmed
875,324,5,2025-08-17 15:05:00,1B,Cancelled
876,1448,167,2025-07-25 18:56:18,14F,Confirmed
877,975,178,2025-08-10 04:13:09,21C,Confirmed
878,844,62,2025-07-07 05:39:44,2E,Confirmed
879,1024,157,2025-08-18 02:40:52,26C,Confirmed
880,10,143,2025-09-18 07:12:07,17A,Confirmed
881,1106,130,2025-07-02 07:29:49,21F,Confirmed
882,109,50,2025-07-25 03:50:09,22D,Confirmed
883,328,172,2025-08-12 01:03:41,12C,Confirmed
884,515,86,2025-08-22 19:51:56,25D,Confirmed
885,108,138,2025-09-18 05:10:50,1D,Confirmed
886,146,61,2025-07-28 23:28:37,19C,Confirmed
887,1387,84,2025-09-18 07:49:07,11B,Confirmed
888,845,52,2025-07-23 12:57:14,3D,Confirmed
889,112,112,2025-09-08 04:13:59,20D,Confirmed
890,765,35,2025-07-04 14:46:12,21C,Cancelled
891,415,86,2025-06-29 04:02:44,19A,Confirmed
892,228,120,2025-08-02 14:26:10,25C,Confirmed
893,605,155,2025-09-11 05:50:50,21E,Cancelled
894,1184,142,2025-07-12 07:05:26,28E,Confirmed
895,444,152,2025-09-07 15:53:29,9A,Confirmed
896,506,64,2025-08-19 10:27:37,8E,Cancelled
897,1175,2,2025-08-23 13:02:02,16F,Confirmed
898,69,109,2025-08-04 16:25:30,26F,Confirmed
899,927,127,2025-06-30 07:05:35,25A,Confirmed
900,833,56,2025-07-19 04:22:18,8F,Cancelled
901,33,123,2025-08-19 21:19:10,23D,Cancelled
902,1196,7,2025-07-08 14:29:49,5F,Confirmed
903,759,161,2025-06-23 14:45:40,1F,Confirmed
904,1415,86,2025-09-17 16:02:18,14C,Confirmed
905,1255,139,2025-09-06 18:50:13,26F,Confirmed
906,688,15,2025-08-06 16:58:43,12A,Confirmed
907,749,120,2025-07-24 19:02:23,12B,Confirmed
908,1444,18,2025-09-10 17:45:49,7B,Cancelled
909,489,139,2025-08-05 03:41:30,24E,Cancelled
910,1440,54,2025-07-21 23:48:14,11C,Cancelled
911,1032,175,2025-08-28 13:17:03,3C,Confirmed
912,996,129,2025-09-13 16:53:07,16F,Confirmed
913,1092,75,2025-07-02 14:39:23,26F,Cancelled
914,135,49,2025-09-06 14:05:05,13B,Confirmed
915,158,28,2025-07-22 05:17:07,23B,Confirmed
916,419,134,2025-09-18 20:01:18,14F,Confirmed
917,271,122,2025-07-09 11:26:28,24F,Confirmed
918,388,17,2025-07-21 00:55:51,8E,Confirmed
919,844,149,2025-08-15 10:41:41,26C,Confirmed
920,1364,179,2025-09-08 16:53:35,15D,Confirmed
921,271,79,2025-08-06 05:50:16,8D,Confirmed
922,591,13,2025-09-10 04:22:18,15B,Confirmed
923,330,138,2025-07-15 09:11:11,27F,Confirmed
924,1365,40,2025-08-17 05:15:07,2C,Confirmed
925,903,67,2025-08-01 11:11:13,18F,Confirmed
926,650,89,2025-07-07 04:23:28,18B,Confirmed
927,249,7,2025-07-29 12:59:31,25B,Cancelled
928,656,40,2025-07-04 00:47:34,17C,Confirmed
929,606,122,2025-07-25 09:48:36,22B,Confirmed
930,1493,114,2025-08-19 10:44:07,24D,Cancelled
931,286,174,2025-06-29 17:07:19,1D,Confirmed
932,452,115,2025-08-11 11:05:20,2E,Confirmed
933,1195,135,2025-09-19 07:50:59,25C,Confirmed
934,172,138,2025-08-13 14:43:42,3E,Confirmed
935,1005,82,2025-07-15 19:38:32,2F,Confirmed
936,303,110,2025-08-28 11:24:23,1C,Confirmed
937,631,115,2025-06-28 17:05:13,24D,Confirmed
938,852,114,2025-07-09 09:10:51,24D,Confirmed
939,849,36,2025-07-21 18:38:05,5B,Confirmed
940,1076,86,2025-08-24 02:59:37,25D,Confirmed
941,839,164,2025-08-16 08:26:11,18D,Confirmed
942,281,52,2025-09-06 05:53:24,10E,Confirmed
943,619,150,2025-09-18 09:31:35,24D,Confirmed
944,6,40,2025-08-06 08:19:40,27F,Confirmed
945,1340,171,2025-08-31 09:26:11,16F,Confirmed
946,59,31,2025-08-04 08:31:04,20F,Confirmed
947,985,145,2025-07-14 13:55:16,21F,Confirmed
948,1422,31,2025-09-03 11:32:46,19A,Confirmed
949,334,149,2025-09-19 01:09:20,15F,Confirmed
950,335,14,2025-08-23 08:23:26,21C,Confirmed
951,598,136,2025-08-03 20:59:04,17B,Confirmed
952,376,25,2025-08-29 19:48:10,18C,Cancelled
953,1403,78,2025-09-06 08:43:44,23C,Confirmed
954,1188,91,2025-08-05 04:00:08,17C,Confirmed
955,994,106,2025-08-07 10:58:58,6A,Confirmed
956,1031,57,2025-07-08 06:50:57,18E,Confirmed
957,1077,137,2025-09-15 22:35:44,25A,Confirmed
958,157,30,2025-09-02 04:59:01,16C,Confirmed
959,743,36,2025-07-17 14:56:38,17C,Confirmed
960,624,8,2025-07-20 23:52:07,8B,Cancelled
961,292,177,2025-07-10 07:19:08,7B,Cancelled
962,871,177,2025-08-22 03:04:01,25D,Confirmed
963,88,51,2025-07-21 03:02:50,22E,Confirmed
964,961,31,2025-07-11 08:02:04,10F,Confirmed
965,198,32,2025-08-22 19:13:37,29B,Confirmed
966,720,8,2025-09-15 02:09:54,24C,Cancelled
967,713,91,2025-07-25 05:54:32,25F,Confirmed
968,1035,146,2025-09-13 02:06:52,19A,Confirmed
969,1466,50,2025-07-21 09:10:57,25E,Confirmed
970,1486,26,2025-08-21 06:58:32,28F,Confirmed
971,1430,151,2025-09-17 05:28:43,4B,Confirmed
972,778,109,2025-08-05 06:32:14,14A,Confirmed
973,644,32,2025-08-11 14:07:33,5D,Confirmed
974,1444,74,2025-08-09 17:46:02,3C,Confirmed
975,789,73,2025-07-07 14:38:47,10F,Cancelled
976,910,58,2025-08-19 17:26:18,28D,Confirmed
977,143,122,2025-09-14 21:23:11,1F,Confirmed
978,216,102,2025-07-28 14:33:42,22A,Confirmed
979,809,103,2025-07-27 22:37:06,24B,Confirmed
980,408,87,2025-08-07 06:38:54,13A,Confirmed
981,870,128,2025-07-02 08:48:45,25E,Confirmed
982,1319,103,2025-07-24 11:30:42,20D,Cancelled
983,1048,72,2025-09-17 04:49:29,4A,Confirmed
984,1019,60,2025-07-31 20:08:01,4F,Confirmed
985,140,128,2025-09-03 21:01:11,13E,Confirmed
986,313,78,2025-08-30 19:39:06,25A,Confirmed
987,1065,127,2025-09-12 14:12:18,22D,Confirmed
988,536,139,2025-07-21 10:51:55,18E,Confirmed
989,65,111,2025-07-13 03:24:28,11D,Confirmed
990,74,9,2025-09-16 05:35:42,28C,Cancelled
991,337,126,2025-08-11 13:08:19,23D,Confirmed
992,225,146,2025-09-14 21:31:42,18F,Confirmed
993,963,122,2025-08-26 17:54:10,17A,Confirmed
994,1014,152,2025-08-23 12:39:43,12C,Confirmed
995,58,152,2025-06-26 01:08:53,12C,Confirmed
996,1196,7,2025-09-11 20:21:24,4D,Confirmed
997,732,106,2025-07-07 11:03:42,8B,Confirmed
998,640,152,2025-08-20 02:58:44,3C,Confirmed
999,348,6,2025-09-18 17:20:02,15F,Cancelled
1000,1164,132,2025-08-16 13:17:01,23D,Confirmed
1001,649,97,2025-06-26 18:24:20,19A,Confirmed
1002,205,177,2025-09-04 21:13:21,16E,Confirmed
1003,1367,87,2025-09-08 05:39:19,12D,Confirmed
1004,1302,20,2025-07-13 17:13:18,9A,Confirmed
1005,1175,103,2025-07-18 07:39:47,3F,Confirmed
1006,195,152,2025-08-12 10:17:04,19E,Confirmed
1007,430,89,2025-08-23 02:41:52,10E,Confirmed
1008,887,170,2025-06-23 17:20:12,14D,Confirmed
1009,1056,117,2025-08-23 21:48:35,6A,Confirmed
1010,1058,48,2025-07-20 18:31:13,22F,Cancelled
1011,549,164,2025-07-04 17:51:39,28D,Cancelled
1012,1489,161,2025-07-20 01:33:12,12D,Confirmed
1013,309,176,2025-08-06 09:54:27,14C,Cancelled
1014,132,163,2025-08-17 06:54:26,9C,Confirmed
1015,526,176,2025-09-13 19:15:25,8A,Confirmed
1016,57,63,2025-08-01 09:29:31,18D,Confirmed
1017,76,52,2025-06-26 05:17:08,1C,Confirmed
1018,569,169,2025-08-21 17:11:41,28A,Cancelled
1019,996,6,2025-06-24 01:55:57,3C,Confirmed
1020,131,105,2025-08-31 11:42:42,29A,Confirmed
1021,1484,36,2025-06-26 07:07:36,24E,Cancelled
1022,1069,171,2025-08-16 18:49:59,17C,Confirmed
1023,185,61,2025-07-19 19:07:49,26C,Confirmed
1024,1197,100,2025-06-22 23:47:15,30D,Confirmed
1025,219,45,2025-08-19 06:17:28,14C,Cancelled
1026,115,126,2025-06-28 17:23:44,4C,Confirmed
1027,973,175,2025-08-01 07:17:56,26B,Confirmed
1028,1466,95,2025-08-28 09:01:41,29E,Confirmed
1029,1357,14,2025-07-26 22:58:50,22B,Confirmed
1030,788,80,2025-08-07 20:44:23,29F,Confirmed
1031,485,114,2025-07-14 12:00:58,13C,Confirmed
1032,483,77,2025-08-07 06:55:56,6D,Confirmed
1033,1320,105,2025-08-01 01:17:55,3D,Confirmed
1034,846,86,2025-07-04 22:27:56,30A,Confirmed
1035,1431,67,2025-07-19 16:04:22,14E,Confirmed
1036,1122,84,2025-09-15 14:44:01,25A,Confirmed
1037,377,162,2025-07-08 14:50:41,5A,Confirmed
1038,1287,79,2025-07-31 10:36:05,4B,Confirmed
1039,1462,167,2025-07-29 04:54:38,22D,Confirmed
1040,655,116,2025-08-28 15:55:47,5C,Confirmed
1041,1215,84,2025-09-05 09:12:05,14C,Confirmed
1042,773,147,2025-08-28 07:01:01,30E,Confirmed
1043,1284,59,2025-09-10 02:29:12,9F,Cancelled
1044,102,103,2025-07-05 19:27:38,9B,Confirmed
1045,754,44,2025-07-04 18:07:00,23E,Confirmed
1046,930,173,2025-07-27 15:07:14,23B,Confirmed
1047,546,74,2025-07-17 23:31:24,5D,Cancelled
1048,1229,56,2025-08-18 09:46:43,7D,Confirmed
1049,299,8,2025-07-06 09:16:15,20D,Cancelled
1050,758,150,2025-09-19 21:41:29,3A,Confirmed
1051,663,178,2025-06-25 12:43:13,23D,Confirmed
1052,1224,66,2025-07-13 02:06:35,2A,Confirmed
1053,481,121,2025-08-01 11:38:42,26E,Confirmed
1054,94,2,2025-09-05 08:32:39,13C,Cancelled
1055,1375,95,2025-08-19 04:57:35,2E,Confirmed
1056,348,129,2025-07-14 15:59:21,29D,Confirmed
1057,650,136,2025-06-27 13:09:16,4C,Confirmed
1058,262,128,2025-08-18 08:47:23,30D,Confirmed
1059,540,157,2025-09-03 08:33:20,14B,Confirmed
1060,1007,39,2025-06-30 17:54:59,22F,Confirmed
1061,109,49,2025-08-30 04:03:14,6A,Confirmed
1062,335,120,2025-07-18 13:07:57,30D,Confirmed
1063,731,144,2025-09-19 15:29:31,4F,Cancelled
1064,254,90,2025-09-10 02:13:55,10B,Confirmed
1065,1042,70,2025-08-22 18:57:42,19B,Confirmed
1066,9,135,2025-06-27 18:11:26,30A,Confirmed
1067,1021,174,2025-09-18 03:56:21,1C,Confirmed
1068,1394,32,2025-07-01 12:23:37,30A,Confirmed
1069,315,8,2025-08-26 02:29:53,23F,Confirmed
1070,1287,69,2025-07-24 19:42:00,11A,Confirmed
1071,928,84,2025-07-06 23:46:58,26E,Confirmed
1072,100,165,2025-08-06 09:20:51,2F,Confirmed
1073,1234,98,2025-07-15 02:25:16,6B,Cancelled
1074,817,23,2025-07-02 00:54:13,6D,Confirmed
1075,584,166,2025-08-30 20:09:07,10D,Confirmed
1076,636,176,2025-07-03 19:08:22,22A,Confirmed
1077,1050,52,2025-09-03 15:28:56,13D,Confirmed
1078,1230,109,2025-08-05 02:48:27,26C,Confirmed
1079,890,162,2025-07-09 13:05:02,17C,Cancelled
1080,1386,58,2025-09-09 20:43:45,5D,Confirmed
1081,1326,135,2025-07-09 02:18:29,14A,Cancelled
1082,979,77,2025-07-30 04:08:43,29C,Confirmed
1083,1072,110,2025-07-22 09:36:03,18A,Cancelled
1084,1052,28,2025-09-18 16:27:26,4D,Confirmed
1085,1165,65,2025-06-28 11:16:37,3E,Confirmed
1086,1355,119,2025-07-17 05:50:11,27D,Confirmed
1087,853,77,2025-08-08 10:37:46,15F,Confirmed
1088,543,88,2025-09-14 05:13:11,3F,Cancelled
1089,532,173,2025-07-23 03:27:34,1A,Confirmed
1090,28,44,2025-08-01 20:30:29,23D,Cancelled
1091,1233,125,2025-08-16 09:39:52,20C,Confirmed
1092,1414,173,2025-09-06 12:51:19,3B,Confirmed
1093,391,29,2025-06-23 00:44:12,28A,Confirmed
1094,1329,38,2025-09-15 20:15:27,27F,Cancelled
1095,1104,49,2025-06-23 02:19:49,15B,Confirmed
1096,45,30,2025-08-22 05:57:09,24F,Confirmed
1097,994,121,2025-06-28 00:55:28,19B,Confirmed
1098,1167,101,2025-08-11 01:21:00,4F,Confirmed
1099,885,107,2025-07-17 15:47:37,20F,Confirmed
1100,596,10,2025-07-04 15:25:31,17E,Confirmed
1101,1390,125,2025-09-19 07:45:03,17A,Confirmed
1102,647,142,2025-08-20 02:17:57,21D,Cancelled
1103,240,127,2025-09-07 19:41:22,15F,Confirmed
1104,331,74,2025-07-13 23:12:30,12D,Confirmed
1105,450,151,2025-07-13 21:21:58,20F,Confirmed
1106,269,76,2025-07-24 23:45:24,14F,Confirmed
1107,738,121,2025-08-20 05:39:13,10F,Confirmed
1108,1367,124,2025-08-12 04:11:12,6E,Confirmed
1109,852,127,2025-09-01 09:15:13,18A,Cancelled
1110,735,67,2025-07-18 11:43:10,6E,Confirmed
1111,131,87,2025-08-04 13:07:39,8A,Confirmed
1112,997,67,2025-09-07 10:50:22,25A,Confirmed
1113,1141,69,2025-07-21 04:54:44,28E,Confirmed
1114,214,13,2025-07-07 14:51:29,27A,Cancelled
1115,1251,157,2025-07-07 03:52:35,2E,Confirmed
1116,1291,31,2025-08-16 06:58:23,6F,Confirmed
1117,905,130,2025-08-13 15:46:55,4B,Confirmed
1118,686,36,2025-08-22 03:54:12,15D,Confirmed
1119,14,63,2025-07-15 15:21:18,17B,Confirmed
1120,763,107,2025-09-10 11:40:42,8B,Confirmed
1121,1085,108,2025-09-07 07:08:51,14D,Cancelled
1122,940,133,2025-09-03 21:23:01,15B,Confirmed
1123,1470,133,2025-08-23 02:05:21,11D,Cancelled
1124,337,112,2025-09-03 01:25:48,2F,Cancelled
1125,310,148,2025-07-23 01:40:45,26F,Cancelled
1126,606,108,2025-08-20 12:56:43,23E,Cancelled
1127,1478,81,2025-08-01 11:00:52,9E,Confirmed
1128,301,180,2025-08-27 12:28:41,7E,Confirmed
1129,1267,167,2025-08-01 14:44:22,29F,Confirmed
1130,405,78,2025-09-18 02:02:34,11D,Confirmed
1131,259,134,2025-08-28 17:18:13,3E,Confirmed
1132,1068,88,2025-08-07 20:10:01,1E,Confirmed
1133,495,78,2025-09-06 23:27:32,4F,Confirmed
1134,764,67,2025-08-07 20:32:22,4A,Confirmed
1135,256,115,2025-09-07 09:36:47,1D,Confirmed
1136,484,149,2025-06-30 18:45:57,21F,Confirmed
1137,1220,60,2025-07-26 11:19:18,22F,Confirmed
1138,287,97,2025-07-16 16:47:15,4C,Confirmed
1139,395,93,2025-09-13 14:06:09,23D,Confirmed
1140,168,24,2025-08-18 01:27:56,5D,Confirmed
1141,160,95,2025-06-23 21:33:25,19E,Confirmed
1142,809,68,2025-09-06 18:31:40,14D,Confirmed
1143,1003,107,2025-07-08 05:09:32,5D,Confirmed
1144,265,132,2025-07-08 16:07:44,7D,Confirmed
1145,322,144,2025-08-02 11:58:07,20D,Confirmed
1146,757,147,2025-09-04 09:02:33,5A,Confirmed
1147,767,78,2025-09-18 09:31:01,26B,Confirmed
1148,1208,108,2025-07-07 01:59:57,10C,Confirmed
1149,1002,1,2025-09-02 03:35:22,3A,Confirmed
1150,1174,80,2025-07-21 18:28:57,11D,Confirmed
1151,1475,156,2025-08-06 04:48:08,17F,Confirmed
1152,922,171,2025-08-31 14:09:55,24C,Confirmed
1153,1280,171,2025-09-05 19:26:24,8D,Confirmed
1154,94,172,2025-07-14 14:47:17,21A,Cancelled
1155,1449,7,2025-07-31 18:40:50,25F,Confirmed
1156,1322,32,2025-07-23 20:35:05,7E,Confirmed
1157,109,146,2025-06-23 16:12:48,16E,Cancelled
1158,247,169,2025-06-26 17:11:01,9B,Confirmed
1159,1446,149,2025-08-30 14:05:51,18E,Confirmed
1160,1207,12,2025-07-11 15:55:59,1C,Confirmed
1161,850,7,2025-07-05 16:20:24,9A,Confirmed
1162,204,139,2025-08-19 05:18:09,6C,Confirmed
1163,316,79,2025-08-15 13:43:10,2E,Cancelled
1164,372,7,2025-06-23 22:03:19,13A,Confirmed
1165,846,83,2025-08-16 08:24:52,29A,Confirmed
1166,491,153,2025-06-25 18:15:31,17E,Confirmed
1167,236,69,2025-08-29 01:20:29,18D,Confirmed
1168,60,105,2025-08-22 20:14:58,29A,Confirmed
1169,1201,173,2025-06-27 03:15:48,18F,Confirmed
1170,624,146,2025-08-02 13:28:05,28F,Confirmed
1171,292,96,2025-07-21 17:10:50,8E,Cancelled
1172,1137,116,2025-09-11 01:00:52,15E,Confirmed
1173,343,1,2025-08-05 01:59:58,16C,Confirmed
1174,1393,98,2025-07-31 11:53:40,7E,Confirmed
1175,577,12,2025-06-28 05:47:34,19A,Confirmed
1176,810,179,2025-09-13 03:53:08,24E,Cancelled
1177,885,54,2025-09-11 19:32:51,11F,Cancelled
1178,1301,67,2025-08-23 22:28:17,8F,Cancelled
1179,700,54,2025-07-22 14:38:21,1F,Confirmed
1180,5,156,2025-07-21 15:00:57,1F,Confirmed
1181,1139,179,2025-07-06 22:31:48,13E,Confirmed
1182,1330,167,2025-08-04 02:34:01,29F,Confirmed
1183,253,91,2025-08-09 12:52:38,12D,Confirmed
1184,1428,3,2025-08-08 03:29:23,30B,Confirmed
1185,454,6,2025-07-16 08:43:58,23C,Confirmed
1186,1257,161,2025-09-11 09:51:45,8B,Cancelled
1187,744,10,2025-09-01 08:31:57,23F,Confirmed
1188,15,51,2025-08-29 20:25:07,28C,Confirmed
1189,1012,44,2025-07-23 17:12:42,24E,Confirmed
1190,1235,145,2025-07-22 05:04:37,5F,Confirmed
1191,532,146,2025-07-17 07:56:33,24C,Confirmed
1192,1389,6,2025-08-24 22:43:34,20C,Confirmed
1193,930,1,2025-06-27 13:41:43,21A,Cancelled
1194,662,111,2025-08-30 13:17:07,22E,Confirmed
1195,741,133,2025-09-19 01:56:46,8A,Confirmed
1196,861,137,2025-07-19 14:20:00,13B,Confirmed
1197,1172,7,2025-07-09 23:14:44,14A,Cancelled
1198,404,43,2025-08-23 10:19:04,21F,Confirmed
1199,983,111,2025-07-16 00:37:51,21C,Confirmed
1200,507,28,2025-07-04 15:15:21,27A,Confirmed
1201,1065,61,2025-07-30 02:49:38,20D,Confirmed
1202,1281,115,2025-08-21 18:07:05,2A,Confirmed
1203,1421,17,2025-08-08 04:03:58,26D,Confirmed
1204,1251,161,2025-08-19 13:04:06,22A,Confirmed
1205,604,98,2025-07-05 12:06:39,25D,Confirmed
1206,1228,169,2025-08-31 19:00:29,13D,Confirmed
1207,1271,159,2025-08-29 03:21:41,22A,Confirmed
1208,673,151,2025-09-02 06:06:06,1E,Confirmed
1209,1215,50,2025-06-27 18:08:40,17C,Confirmed
1210,986,159,2025-09-01 14:11:15,5A,Confirmed
1211,639,150,2025-08-03 13:32:41,25C,Confirmed
1212,1109,38,2025-08-03 04:30:19,20C,Confirmed
1213,17,133,2025-07-27 18:42:43,5A,Confirmed
1214,1146,14,2025-09-08 13:22:12,7F,Cancelled
1215,141,88,2025-09-13 06:42:30,23F,Cancelled
1216,1229,178,2025-07-17 10:54:37,19C,Confirmed
1217,858,85,2025-08-16 05:06:29,29A,Confirmed
1218,8,164,2025-07-13 07:44:14,15E,Confirmed
1219,985,85,2025-08-21 23:24:13,13B,Confirmed
1220,14,93,2025-07-11 00:04:22,1E,Confirmed
1221,596,113,2025-07-21 06:40:37,30C,Confirmed
1222,61,51,2025-07-14 06:18:11,8C,Confirmed
1223,696,142,2025-08-27 07:11:12,1B,Confirmed
1224,208,6,2025-08-16 21:08:24,21A,Confirmed
1225,431,79,2025-07-30 14:15:23,26C,Confirmed
1226,1080,160,2025-08-18 13:56:45,3A,Confirmed
1227,268,49,2025-06-23 06:34:24,23C,Confirmed
1228,880,163,2025-07-18 07:58:02,25E,Confirmed
1229,1097,76,2025-07-23 04:20:15,2F,Confirmed
1230,259,131,2025-09-12 18:56:31,7F,Confirmed
1231,964,170,2025-07-12 19:04:10,17D,Confirmed
1232,1322,131,2025-09-01 11:31:33,15B,Confirmed
1233,766,135,2025-09-05 22:30:45,16D,Confirmed
1234,822,164,2025-08-26 18:41:02,7B,Cancelled
1235,926,61,2025-08-18 12:13:19,14D,Confirmed
1236,767,66,2025-09-13 17:05:08,25A,Confirmed
1237,1063,91,2025-07-09 07:37:02,15E,Confirmed
1238,873,116,2025-09-06 14:27:26,12D,Confirmed
1239,784,7,2025-08-27 05:28:14,9F,Confirmed
1240,169,76,2025-07-25 16:32:34,21A,Confirmed
1241,467,26,2025-07-08 03:04:23,2E,Confirmed
1242,403,173,2025-08-10 10:16:19,24F,Confirmed
1243,391,155,2025-08-06 04:54:48,23F,Confirmed
1244,535,3,2025-08-15 09:18:52,12D,Cancelled
1245,1188,168,2025-08-28 00:30:41,17B,Cancelled
1246,467,59,2025-07-13 23:47:13,16B,Confirmed
1247,1132,120,2025-07-24 23:52:29,11A,Confirmed
1248,385,110,2025-08-05 22:26:13,15D,Cancelled
1249,62,96,2025-07-11 04:36:55,5C,Cancelled
1250,20,128,2025-07-16 21:53:22,11B,Confirmed
1251,1405,104,2025-09-10 22:34:19,11E,Confirmed
1252,66,36,2025-09-07 04:21:36,21E,Cancelled
1253,1176,101,2025-09-10 12:13:25,3E,Confirmed
1254,973,28,2025-08-10 10:36:28,21C,Confirmed
1255,214,173,2025-07-01 17:11:02,27F,Confirmed
1256,55,48,2025-09-16 06:04:58,13C,Confirmed
1257,597,169,2025-07-13 16:04:29,2C,Confirmed
1258,352,84,2025-07-15 13:25:10,4B,Confirmed
1259,980,18,2025-06-23 12:57:55,7B,Cancelled
1260,635,111,2025-08-07 22:42:30,6E,Confirmed
1261,636,151,2025-07-14 06:32:45,22D,Confirmed
1262,16,37,2025-07-18 14:04:52,13E,Confirmed
1263,1077,85,2025-07-25 18:56:31,15D,Confirmed
1264,187,74,2025-07-16 20:56:58,15C,Confirmed
1265,1458,77,2025-08-22 12:39:52,26B,Confirmed
1266,368,159,2025-09-17 23:27:29,13F,Confirmed
1267,1165,25,2025-09-11 12:44:02,8B,Confirmed
1268,1287,138,2025-08-26 09:42:58,3F,Confirmed
1269,445,127,2025-07-12 13:48:35,4C,Confirmed
1270,216,130,2025-06-26 10:26:28,6C,Confirmed
1271,92,119,2025-07-09 00:04:40,23F,Confirmed
1272,781,88,2025-07-14 23:25:54,7D,Confirmed
1273,514,30,2025-08-02 22:58:08,11F,Confirmed
1274,993,119,2025-07-22 02:05:35,22B,Confirmed
1275,897,36,2025-07-01 15:52:17,27B,Confirmed
1276,37,156,2025-09-12 03:11:18,4E,Confirmed
1277,345,20,2025-07-09 21:48:00,22C,Confirmed
1278,734,46,2025-07-06 06:45:02,29F,Confirmed
1279,906,179,2025-07-20 01:53:40,26E,Confirmed
1280,1468,169,2025-09-03 03:24:44,10D,Confirmed
1281,10,13,2025-08-07 12:49:12,30B,Confirmed
1282,489,52,2025-07-16 02:01:26,1A,Confirmed
1283,394,175,2025-06-24 21:04:14,29A,Confirmed
1284,1361,43,2025-08-22 23:10:02,14E,Confirmed
1285,670,83,2025-08-16 17:40:12,20B,Cancelled
1286,810,110,2025-08-13 03:14:13,4C,Confirmed
1287,31,103,2025-07-28 20:20:00,13B,Confirmed
1288,136,169,2025-07-10 08:41:39,12A,Confirmed
1289,448,106,2025-08-30 09:49:38,16A,Confirmed
1290,1166,44,2025-09-09 08:06:38,11F,Confirmed
1291,1389,178,2025-08-05 04:21:11,21F,Confirmed
1292,1365,124,2025-07-07 02:21:01,20E,Confirmed
1293,1047,164,2025-06-27 23:14:32,19F,Cancelled
1294,477,6,2025-07-15 19:48:57,4C,Confirmed
1295,878,63,2025-07-14 19:05:03,5C,Confirmed
1296,414,39,2025-07-25 12:13:41,2B,Cancelled
1297,1225,114,2025-06-26 23:56:21,5C,Confirmed
1298,82,134,2025-07-23 13:41:52,10A,Confirmed
1299,679,88,2025-09-18 07:13:34,2F,Cancelled
1300,1408,179,2025-06-29 23:14:38,28D,Confirmed
1301,376,114,2025-07-30 20:00:04,28D,Confirmed
1302,395,14,2025-06-26 20:09:13,5A,Confirmed
1303,1125,53,2025-07-04 07:32:05,14F,Confirmed
1304,337,51,2025-07-16 07:27:11,20B,Confirmed
1305,1181,115,2025-09-09 20:12:17,28D,Confirmed
1306,737,102,2025-07-04 12:10:30,15D,Confirmed
1307,888,40,2025-07-23 15:01:48,13D,Cancelled
1308,615,153,2025-07-01 17:09:35,24B,Confirmed
1309,950,79,2025-09-09 14:18:24,18E,Confirmed
1310,683,35,2025-06-24 22:30:12,5B,Confirmed
1311,1026,96,2025-08-08 15:25:59,14D,Cancelled
1312,765,99,2025-08-29 15:19:41,19A,Confirmed
1313,80,32,2025-06-30 12:59:36,6B,Confirmed
1314,523,90,2025-07-27 16:45:31,21F,Confirmed
1315,119,167,2025-07-26 12:59:27,24B,Confirmed
1316,71,93,2025-07-23 20:45:43,1F,Confirmed
1317,303,67,2025-08-12 19:29:43,5C,Confirmed
1318,1185,170,2025-09-13 05:00:07,25A,Confirmed
1319,788,102,2025-08-09 22:37:57,3E,Cancelled
1320,867,43,2025-06-27 13:16:44,10E,Cancelled
1321,1349,98,2025-09-08 18:19:46,14F,Cancelled
1322,224,163,2025-08-18 18:49:51,12B,Confirmed
1323,430,102,2025-07-17 22:19:00,6D,Confirmed
1324,144,179,2025-08-22 13:33:26,21C,Confirmed
1325,350,46,2025-08-28 11:11:45,5B,Confirmed
1326,1030,29,2025-06-27 14:36:52,7B,Confirmed
1327,375,50,2025-07-18 08:57:55,14D,Confirmed
1328,1279,28,2025-07-06 20:10:05,10A,Confirmed
1329,567,17,2025-07-06 10:01:37,8D,Confirmed
1330,207,3,2025-09-16 01:17:48,1F,Confirmed
1331,86,25,2025-08-23 06:33:50,1D,Confirmed
1332,545,125,2025-09-09 15:48:21,20D,Confirmed
1333,1397,88,2025-08-27 10:52:15,12F,Confirmed
1334,1251,15,2025-08-26 11:55:21,26A,Confirmed
1335,1431,103,2025-07-21 23:53:56,30B,Confirmed
1336,252,136,2025-07-25 08:44:48,27B,Confirmed
1337,1267,176,2025-07-30 21:55:30,17D,Confirmed
1338,7,164,2025-07-21 10:01:40,12A,Cancelled
1339,667,174,2025-06-28 14:14:38,16D,Confirmed
1340,167,90,2025-06-29 13:59:59,16F,Cancelled
1341,206,99,2025-08-18 09:38:12,23B,Cancelled
1342,1172,130,2025-08-21 01:08:31,26A,Confirmed
1343,1379,141,2025-07-07 14:10:57,15A,Confirmed
1344,1108,62,2025-07-28 07:13:10,25F,Confirmed
1345,217,112,2025-09-08 22:01:10,30C,Cancelled
1346,575,57,2025-07-28 23:16:42,16F,Confirmed
1347,279,137,2025-09-13 20:46:31,3F,Confirmed
1348,459,148,2025-06-30 19:04:41,11D,Cancelled
1349,1485,98,2025-07-04 20:41:50,18D,Confirmed
1350,458,67,2025-07-23 03:18:05,4A,Confirmed
1351,1213,49,2025-07-14 23:07:36,12B,Cancelled
1352,779,148,2025-08-10 23:00:19,2E,Confirmed
1353,795,109,2025-09-07 10:49:23,26F,Cancelled
1354,259,134,2025-09-08 21:38:37,8A,Confirmed
1355,1103,118,2025-06-25 10:09:52,10B,Confirmed
1356,934,38,2025-08-08 19:18:09,24F,Confirmed
1357,1440,9,2025-09-04 19:20:19,17F,Confirmed
1358,1447,147,2025-08-11 15:40:53,7D,Confirmed
1359,772,16,2025-06-29 10:09:52,23B,Confirmed
1360,461,180,2025-08-17 23:03:59,28B,Cancelled
1361,1490,101,2025-06-30 09:52:42,30B,Cancelled
1362,1123,101,2025-09-11 10:27:43,16C,Confirmed
1363,801,19,2025-07-16 16:46:18,10F,Cancelled
1364,1436,141,2025-09-09 12:06:08,11E,Cancelled
1365,111,78,2025-09-01 14:41:10,19B,Confirmed
1366,989,75,2025-09-16 04:13:13,26F,Confirmed
1367,1334,3,2025-07-25 11:46:54,19A,Confirmed
1368,303,97,2025-09-17 13:43:53,6A,Confirmed
1369,971,46,2025-06-24 01:07:32,21C,Confirmed
1370,305,161,2025-07-25 23:25:15,2A,Confirmed
1371,1001,78,2025-08-30 22:38:11,21F,Confirmed
1372,1417,172,2025-09-02 21:05:49,15F,Confirmed
1373,1296,168,2025-07-13 14:23:00,4A,Confirmed
1374,1002,165,2025-08-31 21:58:32,8A,Confirmed
1375,1173,123,2025-08-27 08:44:47,4E,Confirmed
1376,992,166,2025-07-22 22:27:19,19B,Confirmed
1377,131,138,2025-08-20 05:25:52,23A,Confirmed
1378,1099,136,2025-07-16 15:04:33,27E,Confirmed
1379,1335,32,2025-09-03 06:42:57,4B,Cancelled
1380,1424,47,2025-06-28 00:35:28,26C,Confirmed
1381,264,148,2025-08-20 06:41:10,3E,Confirmed
1382,72,22,2025-08-30 03:32:19,12E,Confirmed
1383,1348,1,2025-09-14 07:19:02,17C,Confirmed
1384,912,36,2025-08-06 18:31:44,11E,Cancelled
1385,722,156,2025-07-02 17:32:13,23A,Confirmed
1386,92,61,2025-07-24 01:12:09,10B,Cancelled
1387,1234,142,2025-08-28 06:37:22,9B,Confirmed
1388,865,20,2025-08-09 17:16:16,13F,Cancelled
1389,820,117,2025-09-13 02:16:43,14F,Confirmed
1390,418,19,2025-09-03 20:46:17,21F,Confirmed
1391,1464,96,2025-07-22 18:42:41,27E,Confirmed
1392,860,40,2025-07-26 10:50:27,13A,Cancelled
1393,507,20,2025-08-09 08:07:34,4F,Confirmed
1394,136,85,2025-07-03 20:05:23,30C,Confirmed
1395,300,58,2025-09-16 08:00:06,13B,Confirmed
1396,216,32,2025-07-30 05:33:46,29C,Confirmed
1397,1003,25,2025-08-02 16:22:44,19C,Confirmed
1398,1245,26,2025-09-07 01:10:20,25D,Confirmed
1399,1389,137,2025-07-14 17:38:56,28D,Confirmed
1400,262,67,2025-07-08 00:43:32,23B,Confirmed
1401,293,97,2025-08-10 18:47:17,2F,Confirmed
1402,759,64,2025-08-22 21:38:26,23D,Confirmed
1403,725,120,2025-08-24 16:18:17,14E,Cancelled
1404,469,79,2025-07-04 20:54:05,10D,Confirmed
1405,185,163,2025-07-18 02:04:46,8A,Confirmed
1406,118,22,2025-07-31 23:18:35,30D,Confirmed
1407,22,109,2025-07-15 21:32:59,24B,Confirmed
1408,1055,176,2025-06-23 21:56:34,23A,Confirmed
1409,1263,49,2025-09-11 23:00:45,14F,Confirmed
1410,707,63,2025-09-06 23:42:58,27E,Confirmed
1411,87,156,2025-08-02 14:10:43,30E,Cancelled
1412,359,20,2025-07-03 11:53:08,17C,Cancelled
1413,866,127,2025-09-02 12:10:23,4C,Cancelled
1414,512,139,2025-07-31 03:18:19,16C,Confirmed
1415,5,162,2025-07-05 18:25:13,30C,Cancelled
1416,1317,132,2025-09-12 01:59:29,29E,Confirmed
1417,118,92,2025-09-12 00:39:29,11C,Confirmed
1418,11,90,2025-06-29 23:11:25,12A,Confirmed
1419,1008,51,2025-08-26 02:33:32,29B,Confirmed
1420,999,2,2025-08-26 04:49:42,9B,Confirmed
1421,767,77,2025-09-14 11:27:57,6E,Confirmed
1422,223,113,2025-08-13 21:53:28,6B,Confirmed
1423,889,2,2025-08-24 11:56:55,23B,Confirmed
1424,584,11,2025-07-27 04:25:26,24C,Cancelled
1425,329,171,2025-09-16 06:30:42,9A,Confirmed
1426,1127,127,2025-08-30 21:45:08,11D,Confirmed
1427,797,34,2025-08-02 03:06:50,1B,Confirmed
1428,1025,4,2025-07-15 21:15:03,22C,Confirmed
1429,1223,3,2025-07-22 13:30:18,10D,Confirmed
1430,879,64,2025-07-04 19:09:46,17B,Confirmed
1431,236,68,2025-06-22 22:15:42,27D,Confirmed
1432,1447,27,2025-09-14 22:46:32,20B,Confirmed
1433,1211,162,2025-09-05 20:09:14,4B,Confirmed
1434,561,50,2025-06-22 04:27:01,20B,Confirmed
1435,105,98,2025-08-05 13:33:19,23F,Cancelled
1436,455,87,2025-08-03 13:30:03,17D,Confirmed
1437,624,29,2025-06-29 08:23:17,12F,Confirmed
1438,656,13,2025-07-22 05:02:00,2F,Confirmed
1439,435,74,2025-06-26 15:17:58,20A,Confirmed
1440,517,126,2025-07-20 11:21:19,4A,Confirmed
1441,1399,142,2025-07-06 04:21:23,24C,Confirmed
1442,1207,136,2025-06-27 19:23:15,21C,Confirmed
1443,787,23,2025-07-22 03:08:40,24E,Confirmed
1444,1202,168,2025-08-19 06:12:45,15A,Confirmed
1445,1120,159,2025-08-15 10:19:46,16B,Confirmed
1446,315,12,2025-08-25 04:12:26,18F,Confirmed
1447,1148,89,2025-07-29 11:28:40,23A,Cancelled
1448,139,124,2025-08-09 13:33:59,17A,Confirmed
1449,562,179,2025-09-08 04:18:02,19A,Confirmed
1450,1421,49,2025-07-26 23:52:25,16F,Confirmed
1451,1052,20,2025-08-25 05:28:48,17D,Confirmed
1452,800,103,2025-08-24 19:17:13,6A,Confirmed
1453,447,152,2025-08-01 22:00:56,30E,Confirmed
1454,1450,135,2025-08-18 08:19:54,8C,Confirmed
1455,1131,31,2025-08-04 05:14:02,18B,Confirmed
1456,1310,38,2025-08-05 08:59:08,9A,Confirmed
1457,510,54,2025-09-15 17:07:00,21C,Confirmed
1458,756,84,2025-06-29 02:45:56,18C,Confirmed
1459,837,157,2025-07-21 09:20:03,21A,Confirmed
1460,450,72,2025-07-10 05:16:01,18F,Cancelled
1461,1195,28,2025-08-27 23:47:44,13F,Confirmed
1462,1283,163,2025-07-12 19:35:13,27D,Confirmed
1463,551,53,2025-08-28 18:40:51,28D,Confirmed
1464,475,112,2025-08-02 11:09:57,16A,Confirmed
1465,941,48,2025-06-24 05:12:36,16F,Confirmed
1466,578,6,2025-09-18 09:10:56,6D,Confirmed
1467,385,18,2025-08-10 04:04:27,8D,Cancelled
1468,825,26,2025-06-26 23:33:08,24A,Confirmed
1469,774,99,2025-09-02 00:07:52,1F,Cancelled
1470,271,64,2025-09-04 02:17:09,21E,Confirmed
1471,20,28,2025-08-18 17:47:52,11F,Confirmed
1472,286,123,2025-06-25 18:57:28,27B,Confirmed
1473,981,40,2025-07-02 07:03:34,23C,Confirmed
1474,253,6,2025-06-26 01:06:34,10A,Confirmed
1475,851,37,2025-06-29 00:58:14,1B,Confirmed
1476,302,91,2025-09-18 20:18:14,30F,Confirmed
1477,1465,29,2025-07-19 15:10:07,8A,Cancelled
1478,578,92,2025-09-04 02:39:21,4C,Cancelled
1479,174,12,2025-09-03 19:09:11,14E,Confirmed
1480,372,174,2025-08-01 13:09:57,22F,Confirmed
1481,588,90,2025-09-01 03:17:58,16F,Confirmed
1482,544,20,2025-07-01 00:55:59,5F,Confirmed
1483,303,100,2025-09-12 14:46:50,26D,Confirmed
1484,232,148,2025-06-26 13:46:17,5A,Confirmed
1485,262,47,2025-09-01 12:22:20,16D,Confirmed
1486,848,155,2025-07-13 20:21:08,26F,Cancelled
1487,785,108,2025-08-19 17:31:34,18D,Confirmed
1488,472,99,2025-07-06 02:37:45,14E,Confirmed
1489,1421,57,2025-08-08 22:05:15,12A,Confirmed
1490,36,93,2025-09-10 17:30:08,30A,Confirmed
1491,716,93,2025-08-10 04:18:29,5E,Cancelled
1492,863,63,2025-08-11 06:52:14,2F,Confirmed
1493,1425,37,2025-08-09 12:46:01,23D,Confirmed
1494,1437,28,2025-08-15 21:37:04,16E,Cancelled
1495,62,38,2025-07-01 11:09:05,8A,Confirmed
1496,853,39,2025-08-13 05:30:47,5F,Confirmed
1497,614,121,2025-08-18 13:46:21,15F,Confirmed
1498,588,29,2025-07-12 04:03:56,21A,Confirmed
1499,356,129,2025-06-25 05:00:25,27D,Confirmed
1500,931,142,2025-07-19 22:53:16,30E,Confirmed
1501,1453,59,2025-09-07 13:59:10,9A,Confirmed
1502,257,55,2025-09-16 12:39:03,8D,Confirmed
1503,1146,155,2025-07-29 02:52:44,15D,Confirmed
1504,1315,104,2025-08-24 12:10:03,26C,Confirmed
1505,399,70,2025-07-03 03:06:04,12E,Confirmed
1506,688,8,2025-07-29 07:18:10,18A,Confirmed
1507,1223,3,2025-07-15 09:12:35,7F,Cancelled
1508,493,69,2025-08-14 02:36:36,2E,Cancelled
1509,991,12,2025-08-11 01:20:05,10A,Cancelled
1510,579,102,2025-07-03 16:12:20,25D,Confirmed
1511,266,180,2025-07-31 21:06:21,14F,Confirmed
1512,1029,39,2025-08-10 00:37:50,13D,Confirmed
1513,77,75,2025-08-06 05:09:43,15A,Cancelled
1514,192,60,2025-08-29 06:51:43,21B,Confirmed
1515,330,129,2025-08-13 16:46:38,21E,Cancelled
1516,700,115,2025-09-01 04:21:18,12E,Cancelled
1517,883,11,2025-07-26 22:49:43,13B,Confirmed
1518,1251,156,2025-06-30 02:09:36,21D,Confirmed
1519,31,37,2025-08-12 09:35:55,26A,Confirmed
1520,932,81,2025-09-09 05:59:18,6A,Confirmed
1521,745,91,2025-08-27 02:04:11,23D,Confirmed
1522,970,66,2025-07-26 14:41:59,5A,Cancelled
1523,1000,11,2025-08-01 11:54:18,13D,Cancelled
1524,1394,34,2025-08-18 14:23:32,28E,Cancelled
1525,766,22,2025-06-26 21:26:32,15C,Cancelled
1526,1398,11,2025-07-26 19:41:03,24B,Confirmed
1527,1149,3,2025-08-21 04:54:06,10D,Confirmed
1528,818,19,2025-06-25 07:24:55,15F,Confirmed
1529,955,120,2025-08-25 20:34:57,27D,Confirmed
1530,370,28,2025-08-18 12:49:27,7D,Confirmed
1531,650,88,2025-07-29 19:31:13,23F,Confirmed
1532,571,117,2025-07-24 01:34:09,16B,Confirmed
1533,656,146,2025-07-30 01:38:49,13A,Cancelled
1534,741,111,2025-09-03 15:13:03,7A,Cancelled
1535,1401,109,2025-08-15 08:16:40,6A,Confirmed
1536,561,104,2025-08-13 02:19:55,23D,Cancelled
1537,1075,55,2025-09-03 21:57:16,6A,Confirmed
1538,878,88,2025-07-07 09:10:12,12D,Confirmed
1539,1097,177,2025-07-28 05:44:27,12F,Confirmed
1540,21,144,2025-08-07 19:12:04,24F,Confirmed
1541,297,83,2025-07-09 21:52:46,24F,Confirmed
1542,30,39,2025-08-11 14:59:09,16C,Confirmed
1543,1381,105,2025-06-25 08:33:46,1D,Cancelled
1544,258,163,2025-06-23 14:40:37,4A,Confirmed
1545,385,108,2025-08-07 22:34:49,6E,Confirmed
1546,713,54,2025-07-07 06:43:36,1C,Confirmed
1547,34,78,2025-08-30 09:32:52,28A,Confirmed
1548,1329,117,2025-08-08 13:26:22,12E,Confirmed
1549,688,30,2025-07-07 05:29:27,12B,Confirmed
1550,334,139,2025-09-10 13:24:18,28F,Confirmed
1551,896,163,2025-06-22 09:44:39,30A,Cancelled
1552,213,23,2025-08-31 20:01:39,30D,Confirmed
1553,1278,140,2025-08-22 03:40:28,17E,Confirmed
1554,1368,75,2025-08-14 13:13:14,25D,Confirmed
1555,235,51,2025-07-02 15:07:22,26D,Confirmed
1556,1321,102,2025-08-26 00:23:50,8E,Confirmed
1557,1349,68,2025-08-25 09:53:57,26D,Confirmed
1558,9,107,2025-09-13 01:00:01,5C,Confirmed
1559,1063,154,2025-07-20 10:21:10,19D,Confirmed
1560,802,50,2025-08-04 19:41:25,27A,Confirmed
1561,1184,110,2025-07-06 04:40:24,24B,Confirmed
1562,652,133,2025-08-22 05:27:14,4F,Confirmed
1563,1033,31,2025-07-10 20:36:50,13F,Cancelled
1564,1133,41,2025-08-05 10:13:05,3A,Confirmed
1565,1288,152,2025-07-12 04:01:39,23E,Cancelled
1566,162,147,2025-07-26 12:01:47,24B,Cancelled
1567,1300,162,2025-08-01 11:11:15,21B,Confirmed
1568,1097,63,2025-07-19 23:49:51,26D,Confirmed
1569,1351,14,2025-06-23 08:05:59,5F,Confirmed
1570,1187,27,2025-08-06 03:29:59,20A,Confirmed
1571,579,68,2025-08-11 05:05:04,16C,Cancelled
1572,426,101,2025-07-13 03:31:50,1D,Confirmed
1573,1282,20,2025-08-31 06:43:26,13C,Confirmed
1574,924,42,2025-08-31 05:19:00,29B,Confirmed
1575,1293,156,2025-08-30 01:07:21,12D,Cancelled
1576,1229,140,2025-09-05 00:10:33,24C,Cancelled
1577,395,156,2025-06-24 00:34:01,17E,Confirmed
1578,443,94,2025-08-12 03:57:13,1C,Confirmed
1579,171,178,2025-07-13 04:17:17,16B,Cancelled
1580,714,142,2025-06-26 20:18:29,24D,Confirmed
1581,820,50,2025-09-04 08:11:12,22F,Confirmed
1582,805,27,2025-07-30 18:50:49,19C,Confirmed
1583,422,125,2025-08-19 13:56:28,14E,Confirmed
1584,653,160,2025-08-04 03:38:24,14B,Confirmed
1585,766,162,2025-09-15 02:28:10,29A,Cancelled
1586,519,151,2025-08-11 13:18:38,27F,Cancelled
1587,1087,91,2025-09-03 12:01:07,6C,Confirmed
1588,381,92,2025-08-19 07:04:13,22C,Confirmed
1589,644,32,2025-08-17 00:20:44,1F,Confirmed
1590,954,146,2025-08-22 10:57:14,18A,Confirmed
1591,1233,55,2025-08-16 16:13:06,18C,Confirmed
1592,1375,20,2025-07-28 18:57:41,14F,Confirmed
1593,651,82,2025-07-02 06:12:03,26D,Confirmed
1594,563,108,2025-08-23 03:07:28,6E,Confirmed
1595,785,61,2025-07-16 18:01:18,1F,Confirmed
1596,1180,2,2025-07-25 14:18:08,27D,Confirmed
1597,1093,136,2025-07-19 01:21:41,1A,Confirmed
1598,851,78,2025-08-19 08:20:48,12D,Confirmed
1599,642,127,2025-08-14 19:03:25,10F,Cancelled
1600,1011,165,2025-07-11 03:53:23,20A,Confirmed
1601,98,3,2025-07-31 04:06:20,28F,Confirmed
1602,464,44,2025-08-05 02:12:46,29C,Confirmed
1603,1101,2,2025-09-16 22:55:03,9A,Confirmed
1604,624,20,2025-06-29 08:21:44,20D,Confirmed
1605,349,36,2025-07-17 18:29:07,5C,Cancelled
1606,1197,106,2025-07-29 20:28:42,4E,Confirmed
1607,1184,123,2025-08-07 21:31:17,11F,Confirmed
1608,189,68,2025-07-17 09:45:05,12E,Confirmed
1609,497,169,2025-08-15 20:47:54,7F,Confirmed
1610,1013,16,2025-06-25 06:00:42,7D,Confirmed
1611,385,125,2025-08-03 03:21:13,27E,Confirmed
1612,1053,81,2025-07-28 09:45:29,21B,Confirmed
1613,217,34,2025-08-12 07:58:23,13D,Cancelled
1614,1052,52,2025-08-11 12:12:04,9D,Confirmed
1615,630,148,2025-08-31 20:06:09,15A,Confirmed
1616,493,5,2025-08-01 14:11:17,1D,Confirmed
1617,928,91,2025-08-04 08:07:59,18A,Confirmed
1618,435,39,2025-07-28 12:32:27,17C,Confirmed
1619,559,95,2025-06-28 03:03:41,13F,Cancelled
1620,398,76,2025-09-14 06:25:11,20C,Confirmed
1621,1011,133,2025-08-15 13:06:43,2F,Confirmed
1622,228,57,2025-07-24 03:03:57,2E,Confirmed
1623,135,137,2025-09-04 03:17:14,29E,Confirmed
1624,829,101,2025-08-08 12:06:14,24F,Confirmed
1625,422,44,2025-09-16 06:22:40,10F,Confirmed
1626,7,25,2025-07-01 05:32:58,23E,Confirmed
1627,626,177,2025-06-30 07:10:20,22A,Confirmed
1628,681,117,2025-08-02 04:00:42,16D,Confirmed
1629,364,68,2025-07-21 02:10:43,25A,Confirmed
1630,971,150,2025-07-26 00:31:55,8D,Confirmed
1631,36,146,2025-08-02 21:18:53,8E,Confirmed
1632,301,25,2025-06-26 03:19:51,24C,Confirmed
1633,719,140,2025-07-26 08:42:31,9C,Confirmed
1634,723,78,2025-08-25 22:21:57,17F,Cancelled
1635,1221,124,2025-08-19 03:17:43,17F,Confirmed
1636,303,106,2025-09-07 07:42:09,12D,Confirmed
1637,1183,179,2025-07-27 13:23:13,24A,Confirmed
1638,774,164,2025-09-09 03:17:56,21F,Confirmed
1639,921,135,2025-07-31 05:16:58,22C,Cancelled
1640,801,151,2025-07-12 13:17:19,7A,Confirmed
1641,1438,88,2025-07-21 19:07:27,26D,Confirmed
1642,711,74,2025-07-16 03:00:31,30F,Confirmed
1643,1395,39,2025-09-19 16:18:39,18F,Confirmed
1644,998,74,2025-09-02 02:51:18,1D,Confirmed
1645,580,152,2025-06-30 03:03:31,10A,Confirmed
1646,1353,1,2025-08-09 01:16:08,12C,Confirmed
1647,1029,171,2025-06-26 17:09:05,23C,Confirmed
1648,403,111,2025-09-18 18:58:05,10B,Confirmed
1649,727,64,2025-08-21 21:40:24,14D,Cancelled
1650,201,67,2025-08-24 09:38:19,6E,Confirmed
1651,661,149,2025-08-03 04:43:49,7C,Confirmed
1652,1136,52,2025-07-12 09:19:05,10E,Cancelled
1653,945,140,2025-08-18 05:24:50,29D,Confirmed
1654,1079,114,2025-07-06 22:20:32,30F,Confirmed
1655,960,91,2025-06-23 13:29:26,14D,Confirmed
1656,1145,7,2025-08-30 13:05:48,5E,Cancelled
1657,497,149,2025-06-25 16:23:08,20E,Cancelled
1658,601,14,2025-07-05 12:08:25,22A,Confirmed
1659,1061,118,2025-07-25 01:05:03,9F,Confirmed
1660,1218,25,2025-08-12 09:36:30,23C,Cancelled
1661,249,150,2025-09-11 21:32:47,23A,Confirmed
1662,1058,37,2025-07-25 17:47:31,5B,Cancelled
1663,1311,40,2025-08-02 09:40:19,24A,Confirmed
1664,1278,177,2025-07-24 06:07:04,1B,Confirmed
1665,248,134,2025-09-03 03:15:13,4D,Confirmed
1666,1036,114,2025-09-06 12:03:59,4C,Confirmed
1667,377,61,2025-07-12 17:16:52,20F,Confirmed
1668,1348,158,2025-07-15 03:27:09,21A,Confirmed
1669,1347,62,2025-09-04 05:32:47,23E,Confirmed
1670,984,75,2025-08-06 09:42:06,19D,Confirmed
1671,564,101,2025-08-29 12:44:51,4D,Confirmed
1672,871,38,2025-08-07 00:18:29,4E,Confirmed
1673,1189,78,2025-08-07 01:41:41,29F,Confirmed
1674,88,91,2025-09-07 04:29:56,24D,Confirmed
1675,325,92,2025-07-15 16:54:55,17B,Confirmed
1676,1447,135,2025-06-23 12:32:04,6F,Confirmed
1677,1344,145,2025-08-26 10:29:45,28B,Confirmed
1678,1349,78,2025-07-11 12:04:58,27F,Confirmed
1679,967,156,2025-07-01 21:11:36,23E,Confirmed
1680,1077,67,2025-07-28 04:44:20,19E,Confirmed
1681,1265,104,2025-08-09 02:02:01,28F,Confirmed
1682,198,171,2025-08-27 03:31:59,22D,Confirmed
1683,475,61,2025-08-15 03:57:56,6F,Cancelled
1684,861,17,2025-08-07 01:39:16,4A,Confirmed
1685,150,114,2025-07-02 11:38:40,27A,Cancelled
1686,658,28,2025-08-18 22:28:24,5F,Confirmed
1687,410,51,2025-09-05 08:31:28,22C,Confirmed
1688,332,112,2025-07-07 16:51:50,7A,Confirmed
1689,1289,172,2025-09-11 03:13:02,26B,Cancelled
1690,737,105,2025-08-01 18:34:55,3C,Confirmed
1691,1495,165,2025-07-02 16:31:12,27B,Confirmed
1692,971,129,2025-07-28 11:22:39,29E,Cancelled
1693,138,113,2025-07-19 13:40:24,28A,Confirmed
1694,261,133,2025-08-14 09:06:07,16B,Confirmed
1695,1108,85,2025-08-07 00:14:52,10C,Confirmed
1696,733,18,2025-08-26 05:18:04,18E,Confirmed
1697,1061,157,2025-07-06 16:19:25,20A,Confirmed
1698,228,150,2025-06-23 15:59:58,9F,Confirmed
1699,693,108,2025-09-12 08:12:21,29A,Confirmed
1700,1121,85,2025-07-02 21:58:56,2B,Confirmed
1701,1155,157,2025-07-05 22:53:48,26A,Confirmed
1702,145,107,2025-07-17 19:47:39,30A,Cancelled
1703,981,34,2025-08-25 08:46:02,4A,Confirmed
1704,462,167,2025-06-27 11:27:30,10B,Confirmed
1705,114,7,2025-07-05 06:34:38,28D,Confirmed
1706,38,142,2025-07-28 15:03:24,25D,Confirmed
1707,881,180,2025-09-09 13:35:08,4D,Confirmed
1708,1261,95,2025-07-20 11:12:21,14A,Confirmed
1709,189,151,2025-07-24 00:14:26,24E,Confirmed
1710,31,64,2025-07-23 01:04:03,5D,Confirmed
1711,90,81,2025-06-24 11:38:41,29B,Cancelled
1712,266,156,2025-08-24 12:30:42,4F,Confirmed
1713,513,140,2025-06-27 06:31:45,24C,Cancelled
1714,452,114,2025-07-25 22:19:23,25E,Confirmed
1715,1339,63,2025-07-20 16:57:17,11F,Confirmed
1716,214,14,2025-08-18 11:57:26,23E,Confirmed
1717,161,53,2025-06-25 04:53:33,8C,Confirmed
1718,432,32,2025-08-10 11:46:52,26B,Confirmed
1719,482,179,2025-09-02 14:41:48,15A,Confirmed
1720,70,70,2025-08-30 08:37:24,10A,Confirmed
1721,1249,99,2025-06-25 15:01:55,13D,Confirmed
1722,460,53,2025-08-25 12:11:42,14E,Confirmed
1723,625,9,2025-08-15 17:48:22,30A,Cancelled
1724,689,68,2025-08-17 18:13:48,1C,Confirmed
1725,1273,112,2025-09-19 13:50:46,30F,Confirmed
1726,224,142,2025-08-14 12:46:59,22C,Cancelled
1727,1096,119,2025-09-11 13:36:46,19E,Confirmed
1728,781,120,2025-07-12 23:59:15,5A,Confirmed
1729,1398,71,2025-08-16 02:15:49,18C,Confirmed
1730,809,10,2025-09-12 19:17:23,9F,Confirmed
1731,1338,156,2025-08-09 00:07:19,19F,Confirmed
1732,542,46,2025-07-30 14:29:01,15A,Confirmed
1733,735,123,2025-08-22 20:54:35,7D,Confirmed
1734,163,71,2025-08-05 19:35:20,3D,Confirmed
1735,566,67,2025-07-15 15:08:14,21B,Confirmed
1736,1266,168,2025-08-11 01:14:07,21A,Confirmed
1737,1038,113,2025-08-10 18:20:02,18F,Confirmed
1738,1464,67,2025-08-07 08:01:43,28C,Confirmed
1739,92,154,2025-07-05 07:22:06,3E,Confirmed
1740,1047,20,2025-07-22 07:13:20,19C,Confirmed
1741,1395,107,2025-07-28 02:41:27,29C,Confirmed
1742,669,156,2025-07-01 11:21:26,29F,Confirmed
1743,603,160,2025-07-30 00:10:23,2C,Cancelled
1744,1211,7,2025-07-12 03:38:13,26C,Confirmed
1745,1041,149,2025-06-23 22:22:13,13E,Confirmed
1746,1488,39,2025-07-11 12:48:41,3A,Cancelled
1747,460,145,2025-09-07 16:36:40,18F,Confirmed
1748,249,136,2025-09-07 01:38:30,22E,Confirmed
1749,650,69,2025-09-04 06:53:36,10B,Confirmed
1750,742,60,2025-07-19 14:20:47,4F,Confirmed
1751,840,93,2025-07-16 02:22:35,17A,Cancelled
1752,1339,124,2025-08-12 19:14:28,26D,Confirmed
1753,257,138,2025-07-13 07:49:58,14F,Confirmed
1754,283,156,2025-09-04 08:50:18,11C,Confirmed
1755,837,108,2025-08-26 16:09:36,16F,Cancelled
1756,406,47,2025-06-27 14:00:10,4D,Confirmed
1757,1136,121,2025-06-24 23:06:08,28A,Confirmed
1758,50,177,2025-06-24 05:04:08,17E,Cancelled
1759,865,91,2025-08-17 04:25:44,18B,Confirmed
1760,244,87,2025-06-29 10:37:38,20A,Cancelled
1761,93,19,2025-07-20 23:58:22,15D,Confirmed
1762,893,75,2025-07-13 15:44:08,24B,Confirmed
1763,1208,131,2025-07-22 02:09:57,1E,Confirmed
1764,1381,167,2025-07-07 14:24:20,15B,Confirmed
1765,1205,72,2025-08-20 03:14:19,16C,Confirmed
1766,1061,135,2025-07-21 18:32:54,30D,Confirmed
1767,787,82,2025-08-21 05:09:02,27F,Cancelled
1768,1498,54,2025-07-13 13:33:17,19E,Confirmed
1769,712,73,2025-06-23 05:07:18,9D,Confirmed
1770,347,74,2025-08-08 08:38:48,4B,Confirmed
1771,289,25,2025-08-28 06:35:53,17B,Confirmed
1772,82,139,2025-08-30 17:51:12,1D,Confirmed
1773,53,95,2025-07-18 06:18:36,14F,Confirmed
1774,259,117,2025-07-02 09:58:07,23F,Cancelled
1775,246,114,2025-08-03 13:31:16,3B,Cancelled
1776,1499,172,2025-08-16 03:22:51,3F,Confirmed
1777,1490,20,2025-08-15 10:10:32,11C,Confirmed
1778,1051,173,2025-08-23 02:45:44,11A,Confirmed
1779,1445,134,2025-08-01 10:12:53,18F,Confirmed
1780,1283,10,2025-07-22 20:40:00,8B,Confirmed
1781,451,173,2025-07-18 06:16:30,5D,Confirmed
1782,1018,73,2025-08-01 04:12:40,29A,Cancelled
1783,1482,55,2025-09-03 00:27:04,16E,Confirmed
1784,1455,46,2025-07-29 01:26:44,9E,Confirmed
1785,1196,61,2025-07-06 20:22:30,17F,Cancelled
1786,615,60,2025-08-10 09:42:31,16F,Confirmed
1787,732,140,2025-08-21 15:18:06,8A,Cancelled
1788,589,108,2025-08-09 14:20:15,22D,Confirmed
1789,952,82,2025-08-28 21:07:22,23D,Confirmed
1790,991,126,2025-07-10 19:26:43,8A,Confirmed
1791,1040,56,2025-07-26 13:03:35,25C,Confirmed
1792,651,106,2025-07-01 12:51:28,14D,Confirmed
1793,112,69,2025-08-11 15:46:14,11F,Confirmed
1794,632,115,2025-08-19 13:14:36,29B,Confirmed
1795,1281,29,2025-09-07 19:39:21,5E,Confirmed
1796,1480,6,2025-07-28 12:05:49,23C,Cancelled
1797,1133,17,2025-07-07 20:03:33,7C,Confirmed
1798,322,138,2025-07-06 12:55:45,8C,Confirmed
1799,766,85,2025-07-24 13:13:35,24B,Cancelled
1800,74,6,2025-07-07 16:06:32,13D,Confirmed
1801,580,78,2025-08-04 00:14:40,25F,Confirmed
1802,558,32,2025-09-05 12:41:25,5F,Cancelled
1803,174,20,2025-07-23 02:32:46,23F,Confirmed
1804,31,139,2025-08-22 19:58:09,4F,Confirmed
1805,802,50,2025-07-31 19:54:19,26C,Confirmed
1806,48,78,2025-06-27 08:29:12,4C,Cancelled
1807,1181,121,2025-06-22 12:18:27,3B,Cancelled
1808,1149,72,2025-07-08 15:18:58,23E,Confirmed
1809,784,5,2025-07-04 15:46:25,12E,Confirmed
1810,927,58,2025-07-16 18:01:25,25B,Confirmed
1811,977,145,2025-06-25 03:41:19,11B,Confirmed
1812,172,25,2025-07-04 17:10:13,28D,Confirmed
1813,172,37,2025-07-13 12:39:53,16E,Confirmed
1814,1161,60,2025-09-17 01:49:31,9D,Confirmed
1815,692,39,2025-07-19 01:20:44,19E,Confirmed
1816,12,69,2025-06-25 22:13:48,18D,Confirmed
1817,642,167,2025-07-28 07:20:29,23D,Confirmed
1818,167,27,2025-07-29 13:44:04,13B,Confirmed
1819,332,134,2025-09-02 23:07:10,7D,Cancelled
1820,233,10,2025-08-06 13:31:10,21E,Confirmed
1821,1121,108,2025-08-04 12:00:18,4D,Cancelled
1822,1475,174,2025-09-12 08:33:20,20C,Confirmed
1823,340,37,2025-09-12 09:33:43,7E,Cancelled
1824,761,133,2025-07-01 19:16:30,15B,Cancelled
1825,1475,35,2025-07-09 05:33:45,27D,Confirmed
1826,853,46,2025-07-26 04:30:04,1C,Confirmed
1827,409,178,2025-06-29 03:34:29,11A,Confirmed
1828,960,153,2025-08-25 05:04:22,21E,Cancelled
1829,707,161,2025-07-27 00:59:12,9C,Confirmed
1830,873,150,2025-08-11 23:19:23,20D,Cancelled
1831,1150,139,2025-08-15 20:42:12,3E,Confirmed
1832,1497,56,2025-09-01 08:11:16,19A,Confirmed
1833,1070,151,2025-06-26 20:49:24,11E,Confirmed
1834,1213,155,2025-09-10 08:51:47,28E,Confirmed
1835,970,54,2025-07-17 05:00:50,8B,Confirmed
1836,1260,38,2025-07-01 04:10:30,28A,Confirmed
1837,107,36,2025-09-19 16:51:28,14F,Confirmed
1838,620,129,2025-08-11 03:15:35,13D,Confirmed
1839,1447,122,2025-09-12 11:19:53,17C,Confirmed
1840,1240,55,2025-08-22 05:40:53,9F,Confirmed
1841,896,144,2025-07-08 14:31:44,26C,Confirmed
1842,1143,112,2025-09-04 20:22:11,1C,Cancelled
1843,1373,89,2025-09-13 23:27:13,20E,Cancelled
1844,392,98,2025-08-10 11:11:59,24A,Confirmed
1845,740,135,2025-09-15 06:00:37,10C,Confirmed
1846,756,65,2025-09-18 16:58:00,20C,Confirmed
1847,564,165,2025-06-23 15:25:02,23F,Confirmed
1848,1281,15,2025-07-24 18:52:01,28F,Cancelled
1849,1245,162,2025-06-28 14:31:11,16F,Cancelled
1850,1118,27,2025-08-01 01:23:01,20F,Confirmed
1851,363,34,2025-07-31 02:26:53,28A,Confirmed
1852,1306,16,2025-08-02 10:06:54,18C,Cancelled
1853,398,168,2025-06-26 19:47:01,11F,Confirmed
1854,649,44,2025-08-29 18:46:23,17A,Cancelled
1855,826,107,2025-08-13 21:42:03,3B,Confirmed
1856,1028,38,2025-09-07 23:17:05,6D,Confirmed
1857,1247,51,2025-07-03 22:32:26,6F,Confirmed
1858,7,80,2025-09-12 08:35:22,4C,Confirmed
1859,1427,23,2025-07-09 18:59:29,3A,Cancelled
1860,374,23,2025-07-13 05:20:37,21A,Confirmed
1861,22,56,2025-08-17 20:23:29,3F,Cancelled
1862,631,175,2025-07-04 20:57:55,7F,Confirmed
1863,272,80,2025-08-08 01:24:45,10B,Confirmed
1864,1158,81,2025-08-12 13:14:53,7C,Cancelled
1865,363,76,2025-08-14 08:44:28,9A,Confirmed
1866,1186,94,2025-07-20 11:49:41,17D,Confirmed
1867,1408,44,2025-09-04 01:53:37,13B,Confirmed
1868,432,180,2025-07-18 13:22:41,26F,Confirmed
1869,425,88,2025-08-08 22:32:35,27F,Confirmed
1870,186,132,2025-08-22 06:16:13,15C,Confirmed
1871,237,133,2025-08-20 21:40:11,16B,Confirmed
1872,662,96,2025-06-25 18:24:42,19A,Confirmed
1873,215,162,2025-08-17 11:55:57,1B,Confirmed
1874,686,87,2025-08-15 20:57:06,6C,Confirmed
1875,957,140,2025-07-29 05:48:01,15E,Confirmed
1876,1180,178,2025-09-07 13:46:25,16B,Confirmed
1877,765,154,2025-07-10 10:30:43,13C,Confirmed
1878,480,130,2025-08-01 03:26:27,25C,Cancelled
1879,821,152,2025-06-30 00:10:32,6C,Cancelled
1880,1429,135,2025-07-23 06:36:48,5B,Confirmed
1881,111,24,2025-07-05 09:50:49,5C,Confirmed
1882,339,118,2025-08-06 00:42:09,7B,Confirmed
1883,165,48,2025-07-29 07:54:13,14A,Confirmed
1884,316,176,2025-08-20 17:54:49,12A,Confirmed
1885,706,26,2025-07-23 15:35:43,13F,Confirmed
1886,968,172,2025-09-10 12:53:29,23B,Confirmed
1887,197,100,2025-08-14 04:20:48,30B,Confirmed
1888,670,73,2025-09-08 21:46:55,14E,Confirmed
1889,147,89,2025-09-08 15:42:47,19A,Confirmed
1890,1247,46,2025-09-13 07:23:23,11E,Confirmed
1891,1251,154,2025-09-13 12:58:04,21B,Confirmed
1892,385,12,2025-07-19 06:19:27,3C,Confirmed
1893,369,109,2025-07-21 04:18:19,13F,Confirmed
1894,72,67,2025-07-21 13:11:10,13F,Confirmed
1895,218,120,2025-07-07 02:22:43,24A,Confirmed
1896,829,4,2025-06-23 05:20:08,19E,Confirmed
1897,932,3,2025-07-06 15:41:42,13D,Confirmed
1898,621,109,2025-07-07 08:47:40,4E,Confirmed
1899,923,129,2025-09-07 11:49:30,23C,Confirmed
1900,748,29,2025-07-17 05:27:34,25D,Cancelled
1901,164,39,2025-08-28 00:21:59,23E,Confirmed
1902,1055,158,2025-08-14 23:55:29,14A,Confirmed
1903,82,32,2025-07-06 15:29:23,2E,Confirmed
1904,517,109,2025-07-16 10:43:18,25A,Confirmed
1905,367,76,2025-08-13 11:26:01,15C,Confirmed
1906,73,153,2025-08-13 03:22:46,2E,Confirmed
1907,510,45,2025-09-11 02:34:06,5F,Confirmed
1908,1011,111,2025-07-30 08:22:29,23E,Confirmed
1909,1073,146,2025-07-10 14:02:04,11C,Confirmed
1910,1248,164,2025-08-31 03:24:32,24A,Confirmed
1911,1305,78,2025-06-28 13:25:01,6F,Confirmed
1912,1338,21,2025-07-15 13:07:50,7E,Confirmed
1913,621,158,2025-09-14 16:34:54,26B,Confirmed
1914,101,96,2025-08-05 18:30:13,25D,Confirmed
1915,1411,48,2025-07-14 08:32:42,2E,Confirmed
1916,372,174,2025-08-05 09:17:00,14B,Confirmed
1917,849,169,2025-06-29 04:17:17,15E,Confirmed
1918,1301,82,2025-07-21 03:14:14,1F,Confirmed
1919,131,157,2025-07-27 09:46:45,20D,Confirmed
1920,1301,153,2025-06-26 10:34:24,16E,Confirmed
1921,698,82,2025-07-13 11:52:28,5D,Cancelled
1922,1022,54,2025-06-29 17:44:10,22D,Confirmed
1923,67,170,2025-09-11 18:05:40,16E,Cancelled
1924,171,54,2025-09-11 23:33:23,10C,Confirmed
1925,925,173,2025-09-14 14:01:09,20E,Confirmed
1926,721,145,2025-07-02 13:26:48,1C,Confirmed
1927,1006,61,2025-09-18 12:58:34,5D,Confirmed
1928,253,25,2025-08-12 12:13:13,4E,Confirmed
1929,326,103,2025-06-25 17:26:22,25B,Confirmed
1930,1228,72,2025-08-28 10:49:23,21A,Confirmed
1931,1407,163,2025-07-06 20:20:32,18E,Confirmed
1932,828,127,2025-07-28 14:18:52,30D,Confirmed
1933,364,103,2025-08-26 09:00:34,27C,Confirmed
1934,1344,45,2025-07-28 21:58:06,13E,Confirmed
1935,857,106,2025-08-22 06:40:01,20B,Confirmed
1936,1270,129,2025-08-18 02:38:36,24D,Cancelled
1937,666,157,2025-09-08 07:10:36,21D,Confirmed
1938,759,6,2025-07-03 23:38:56,26F,Confirmed
1939,1048,50,2025-09-19 05:29:23,24B,Confirmed
1940,1460,52,2025-07-17 10:08:18,3A,Confirmed
1941,945,118,2025-09-06 07:43:38,15B,Confirmed
1942,945,129,2025-07-03 20:07:51,20C,Cancelled
1943,327,63,2025-08-19 14:46:04,1F,Confirmed
1944,1387,105,2025-09-04 16:30:55,13A,Confirmed
1945,533,138,2025-07-16 03:45:49,20F,Cancelled
1946,1464,7,2025-08-26 14:30:52,24A,Confirmed
1947,816,11,2025-08-16 11:25:45,30E,Confirmed
1948,902,110,2025-07-31 03:06:09,28C,Confirmed
1949,1188,29,2025-06-22 23:10:23,14F,Confirmed
1950,498,124,2025-07-29 06:16:06,11F,Confirmed
1951,939,126,2025-06-30 07:48:16,11C,Confirmed
1952,678,116,2025-06-24 22:16:36,9E,Confirmed
1953,287,38,2025-07-17 16:18:01,8C,Confirmed
1954,1462,75,2025-08-05 09:45:10,19F,Confirmed
1955,1461,113,2025-09-05 21:18:09,24F,Confirmed
1956,1245,75,2025-09-06 12:16:40,8A,Cancelled
1957,1195,78,2025-06-30 04:37:00,9C,Confirmed
1958,1059,104,2025-09-14 15:39:57,6C,Confirmed
1959,1203,129,2025-08-09 10:33:23,13D,Confirmed
1960,1076,124,2025-08-16 05:30:57,13A,Confirmed
1961,133,88,2025-09-10 07:19:13,8B,Confirmed
1962,1493,31,2025-09-02 20:12:22,16D,Confirmed
1963,1308,4,2025-07-04 23:54:52,26E,Cancelled
1964,415,94,2025-09-10 21:02:25,21A,Cancelled
1965,1040,18,2025-07-01 08:35:34,28F,Confirmed
1966,163,15,2025-09-09 14:36:33,8B,Confirmed
1967,375,177,2025-08-17 20:54:15,8F,Confirmed
1968,364,11,2025-09-08 19:17:35,9A,Confirmed
1969,131,34,2025-09-07 16:19:03,7B,Confirmed
1970,1191,123,2025-08-20 14:06:34,29A,Confirmed
1971,1299,19,2025-07-04 06:30:07,15A,Confirmed
1972,205,139,2025-09-01 18:13:38,16C,Confirmed
1973,1192,111,2025-07-22 03:46:56,15F,Confirmed
1974,1301,158,2025-09-12 14:00:16,25D,Confirmed
1975,1009,162,2025-07-28 05:21:32,16E,Confirmed
1976,1322,77,2025-08-24 08:55:34,8C,Confirmed
1977,1150,129,2025-08-26 09:40:28,4B,Confirmed
1978,654,131,2025-08-19 15:31:10,6A,Confirmed
1979,1379,78,2025-07-05 03:59:55,15C,Confirmed
1980,1104,47,2025-09-16 06:49:06,25B,Confirmed
1981,1028,79,2025-07-21 10:49:33,16A,Confirmed
1982,1249,54,2025-08-31 18:43:09,11B,Confirmed
1983,812,44,2025-08-08 05:39:42,6C,Cancelled
1984,971,168,2025-07-31 19:50:26,25F,Confirmed
1985,539,121,2025-08-15 09:23:09,10C,Confirmed
1986,646,116,2025-08-14 09:27:36,13D,Confirmed
1987,828,15,2025-08-25 13:22:41,26B,Cancelled
1988,562,5,2025-09-05 22:12:13,22F,Confirmed
1989,765,7,2025-07-12 10:27:50,13C,Confirmed
1990,409,56,2025-07-20 19:32:28,28C,Confirmed
1991,498,42,2025-06-28 10:46:30,24E,Confirmed
1992,95,169,2025-06-26 12:44:58,23D,Confirmed
1993,1243,151,2025-07-13 12:03:06,2F,Confirmed
1994,1102,95,2025-07-17 14:59:18,4D,Confirmed
1995,152,84,2025-06-29 23:26:52,5B,Confirmed
1996,1176,52,2025-07-19 17:05:28,8C,Confirmed
1997,1354,67,2025-07-01 17:33:52,10F,Confirmed
1998,140,180,2025-07-11 22:47:20,28C,Cancelled
1999,914,55,2025-09-03 05:20:29,8D,Confirmed
2000,408,174,2025-06-28 22:16:16,20F,Cancelled
